full_name,description,type,link,link_github,language,keyword
temmuz/3d-object-scanning-using-a-time-of-flight-camera,"Depth Sense 325, which is a new Time-of-Flight (TOF) sensor, is preferred for 3D Object Scanning. 3D Object scanning constructs three dimensional models using point cloud data. TOF sensor estimates colour value and depth for each pixel in an image. These data points are converted into a point cloud structure which consists of 3D points with associated colour information. The Point Cloud Library (PCL) contains many 3D point cloud processing algorithms and is employed in this project. The purpose of the project is creating a 3D complete object model by scanning the object from every possible viewpoint. Many images are collected by scanning the object using TOF camera. Each image is converted into unaligned point cloud. The object is segmented in each partial point cloud. After aligning the 3D partial views of the object into a single frame, the complete 3D model is achieved. Finally, a triangular mesh surface is fitted to the complete 3D aligned point cloud. The 3D model is ready for usage of various visualization and modelling programs by converting into a polygonal mesh file.",repository,https://bitbucket.org/temmuz/3d-object-scanning-using-a-time-of-flight-camera.git,,c++,3D
nsdllc/3d-printer-website,"The 3D printer Website is a project designed around the idea of having a hobbyist website centered around 3D printers. Features of the site will include the ability to upload and share 3D models, as well the ability to download them. Users will be able to purchase and sell 3D models from the site. There will be various tutorials on 3D printers and best practices. Users will be able to leave feedback on the 3D models available for download or purchase.",repository,https://bitbucket.org/nsdllc/3d-printer-website.git,,,3D
ZyanDawn/tron-3d,"Developed a 3D game written in C# using XNA framework and 3D editing software: ‚ÄùTron 3D‚Äù. The game takes game play elements from the classic ‚ÄùTron‚Äù games, but the players have to operate in 3D places like cubes and can move on a 3D surface.",repository,https://bitbucket.org/ZyanDawn/tron-3d.git,,,3D
vinaora/vinaora-cu3er-3d-slideshow,Vinaora Cu3er 3D Slide-show is a free Joomla! module (Joomla! extension) to show images in 3D Flash Slide-show. It has been conceived to create amazing 3D transition between slides. You can setup different transition effects for each slide and set their duration or delay. The different UI elements like next/back arrows and the pre-loader icon can be customized as well.,repository,https://bitbucket.org/vinaora/vinaora-cu3er-3d-slideshow.git,,php,3D
LonnieQin/apple-3d-samples,"This project contains a set of demos demonstrating how to draw 3D objects with Metal,how to build 3D scenes and how to generate custom model by using formula.I am interested in exploring apple 3D display technology and math.",repository,https://bitbucket.org/LonnieQin/apple-3d-samples.git,,swift,3D
ruathudo/planets-3d,Planets 3D for web 3D course using three js,repository,https://bitbucket.org/ruathudo/planets-3d.git,,,3D
eggetcool/3d-networking-game,"A very simple game to just be able to make a 3D game client and a server that talks to eachother over LAN networks. Input prediction, lag compensation, state interpolation, openGL, 3D heightmaps, several players can connect and disconnect whenever they want to.",repository,https://bitbucket.org/eggetcool/3d-networking-game.git,,c++,3D
pravin1935/3d-model-player,"This is repo of player code of 3d model . You can interact with 3d model play , zoom , drag , roatate and other with this player .",repository,https://bitbucket.org/pravin1935/3d-model-player.git,,javascript,3D
rubenandrebarreiro/3d-object-viewer-geometric-solids,"üïã üî∑ üîª A project based in Computer Graphics and Interfaces. This project was built using HTML, CSS, JavaScript and WebGL. The application allows to visualize multiple 3D Geometric Solids, viewed by multiple projections and angles. The application allows also, see the 3D Geometric Solids in multiple colors, drawed in white Wired lines and even, painted and iluminated by custom Vertex/Fragment Shaders that the user can upload to the application, all this in the canvas of the Web Browser!",repository,https://bitbucket.org/rubenandrebarreiro/3d-object-viewer-geometric-solids.git,,javascript,3D
rubenandrebarreiro/3d-object-modelling-flying-helicopter,"‚òÄÔ∏è üè¢ üöÅ A project based in Computer Graphics and Interfaces. This project was built using HTML, CSS, JavaScript and WebGL. The application allows to drive a Flying Helicopter above a city, all using 3D Modelling and 3D Objects. The Flying Helicopter it's drove using the keyboard and you can see all the action of multiple angles, using an Axonometric Projection!",repository,https://bitbucket.org/rubenandrebarreiro/3d-object-modelling-flying-helicopter.git,,javascript,3D
BrandonMarkThomas/3d-flag-representation,Over the summer I have been working on creating a 3D representation of a flag in certain environments. The whole project involves also customising your own flag which then displays in the 3D rendered version. Please visit the website to see the whole project in action ,repository,https://bitbucket.org/BrandonMarkThomas/3d-flag-representation.git,,javascript,3D
happyuser/3d_editor,"This is the site to create 3D models and content of structural elements for changing the physical properties of the final printed object. For example do object made of metal that does not expanding when heated, or such that shrinks when heated. Or so that shrinks in all directions if it is to compress one axis. There used logical operations on 3D-obgectiv.Os screencast on how to use yoho.A here - an enhanced version of the video review, comments anhiyskoyu there and here - extended version http://screencast.com/t/HOB40WMF In simple english its an optimiser for 3D printing.",repository,https://bitbucket.org/happyuser/3d_editor.git,,javascript,3D
rubenandrebarreiro/3d-object-modelling-industrial-automated-robotic-hand,"ü§ñ üè≠ üíé A project based in Computer Graphics and Interfaces. This project was built using HTML, CSS, JavaScript and WebGL. The application allows to move and manipulate an Industrial Automated Robotic Hand, all using 3D Modelling and 3D Objects. The Robotic Hand can be moved along the floor, do grab movements and rotate some of its own components. The movements and actions of the Robotic Hand are always performed using the keyboard and you can see all the action of multiple angles, using an Axonometric Projection!",repository,https://bitbucket.org/rubenandrebarreiro/3d-object-modelling-industrial-automated-robotic-hand.git,,javascript,3D
satorha/3d-software-render,"Renderiza um objeto 3D utilizando apenas a CPU, sem utilizar nenhuma biblioteca de gr√°ficos 3D.",repository,https://bitbucket.org/satorha/3d-software-render.git,,,3D
aauvap/3d-zef,"The full code base used for our 2020 CVPR paper ""3D-ZeF: A 3D Zebrafish Tracking Benchmark Dataset""",repository,https://bitbucket.org/aauvap/3d-zef.git,,python,3D
morses/wou-3d-scanner,WOU 3D Scanner is a repository for the CS 490 Physical Computing course at Western Oregon University during Fall term 2015. The class project is software development for a custom built 3D scanner.,repository,https://bitbucket.org/morses/wou-3d-scanner.git,,,3D
Bloov/3d-rasterezator,"–ö—É—Ä—Å–æ–≤–∞—è —Ä–∞–±–æ—Ç–∞ –ø–æ –ø—Ä–µ–¥–º–µ—Ç—É ""–ö–æ–º–ø—å—é—Ç–µ—Ä–Ω–∞—è –≥—Ä–∞—Ñ–∏–∫–∞ –∏ 3D –º–æ–¥–µ–ª–∏—Ä–æ–≤–∞–Ω–∏–µ"". –ü—Ä–æ—Å—Ç–æ–π 3D —Ä–∞—Å—Ç–µ—Ä–∏–∑–∞—Ç–æ—Ä. –†–µ–∞–ª–∏–∑–æ–≤–∞–Ω—ã –æ—Å–Ω–æ–≤–Ω—ã–µ –º–∞—Ç—Ä–∏—á–Ω—ã–µ –ø—Ä–µ–æ–±—Ä–∞–∑–æ–≤–∞–Ω–∏—è –∏ –ø—Ä–æ–µ–∫—Ü–∏–∏, –∞ —Ç–∞–∫–∂–µ –æ—Å–≤–µ—â–µ–Ω–∏–µ.",repository,https://bitbucket.org/Bloov/3d-rasterezator.git,,c#,3D
epsdel/university-cs-ubb-cj-domino-problem-3d,A virtual dominoes problem in 3D. It was developed back in my 4th University year. It uses the GLUT library for quick 3D functionality. Developed in C++ under Visual Studio 200X something.,repository,https://bitbucket.org/epsdel/university-cs-ubb-cj-domino-problem-3d.git,,c++,3D
FelixK15/k15-engine-3d,K15 Engine 3D is a - still in development - 3D game engine.,repository,https://bitbucket.org/FelixK15/k15-engine-3d.git,,c,3D
adailtoncerqueira/robocup-league-manager-3d,Robocup League Manager 3D is version of rclm2 to simulation 3d,repository,https://bitbucket.org/adailtoncerqueira/robocup-league-manager-3d.git,,c++,3D
JessicaTTJ/platformer_3d_sound,This platformer has been created with Unity (version 2019.2.3f1). It makes use of 3D sound and the Steam Audio plug-in for additional 3D sound techniques.,repository,https://bitbucket.org/JessicaTTJ/platformer_3d_sound.git,,c#,3D
RCoulton/3d-game,WIP 3D Game that currently supports 3D rendering. User can walk/run around randomly generated terrain.,repository,https://bitbucket.org/RCoulton/3d-game.git,,java,3D
sun3y21/3d_solar_system,3D Solar System is 3D stimulation of motion of planets around the sun. ,repository,https://bitbucket.org/sun3y21/3d_solar_system.git,,,3D
Hartmarken349/3d_printer,"Underverk's 3D printer is a fork of a wooden Prusa i3 made by Arduino Verkstad for the 3D printing workshops to be held at FBRKN, STPLN, Malmo, Sweden.",repository,https://bitbucket.org/Hartmarken349/3d_printer.git,,,3D
cthun/diy-3d-printer-config,"This holds the setup of my China 3D printer from ""ËÅîÂä®‰∏âÁª¥"". Mod for SKR1.3 with 3D Touch.",repository,https://bitbucket.org/cthun/diy-3d-printer-config.git,,,3D
Culzean/real-time-3d-project,This is a 2nd year project completed for Real Time 3D at UWS. The main feature is random 3D terrain rendered using a fault line algorithm. There is also some nice lighting and camera controls. WASD for movement and mouse to move camera.,repository,https://bitbucket.org/Culzean/real-time-3d-project.git,,c++,3D
Sir_Killinger/3d_unityradarmodule,A small 3d radar module in Unity made by Fox Buchele for Gaspar Ferreiro.,repository,https://bitbucket.org/Sir_Killinger/3d_unityradarmodule.git,,,3D
Bobbzorzen/computercraft-3d-printer,A 3D printing script for computercraft turtles and a website to build the templates,repository,https://bitbucket.org/Bobbzorzen/computercraft-3d-printer.git,,javascript,3D
babyboys/3d-game-project,a 3d game,repository,https://bitbucket.org/babyboys/3d-game-project.git,,,3D
creichenbach/3d-geometry-processing-course,Exercises of BeNeFri CS master course 3D Geometry Processing,repository,https://bitbucket.org/creichenbach/3d-geometry-processing-course.git,,java,3D
NDS_documentation/radiance_ultra_4k_2d-3d,User manuals for RU 4K 2D and 3D products.,repository,https://bitbucket.org/NDS_documentation/radiance_ultra_4k_2d-3d.git,,xml,3D
kalpanki/desk_3d,"3D reconstruction project with shadow as the structured lighting using very basic tools like mobile, a pen and laptop.",repository,https://bitbucket.org/kalpanki/desk_3d.git,,matlab,3D
jamiepg1/3d,3D models for ILITE Robotics team competing in FIRST challenge.,repository,https://bitbucket.org/jamiepg1/3d.git,,,3D
sunnyvilles/3d,3d cards threes,repository,https://bitbucket.org/sunnyvilles/3d.git,,,3D
hogpog/come-come-3d,Remake do pacman em 3D,repository,https://bitbucket.org/hogpog/come-come-3d.git,,,3D
epsdel/university-cs-ubb-cj-genetic-evolution-3d,"Cells, chromosomes, mutations, cross-over, generations. All in 3D !",repository,https://bitbucket.org/epsdel/university-cs-ubb-cj-genetic-evolution-3d.git,,c++,3D
philvaz/vazengine-opengl-3d-engine,"A simple OpenGL 3D game graphics engine for Win32. Features: OpenGL First Person view, Ground, rotating Sky-Plane, Target cross-hair, simple objects, collision, particles, basic DirectSound. For more see www.VazGames.com/engine/",repository,https://bitbucket.org/philvaz/vazengine-opengl-3d-engine.git,,c++,3D
facontidavide/homogeneous-matrix-3d,a simple wrapper around Eigen to handle efficiently Coordinate systems and Roto-Translations in 3D.,repository,https://bitbucket.org/facontidavide/homogeneous-matrix-3d.git,,c++,3D
iyoung/real-time-3d-graphics-opengl,"Lab Exercises for real time 3d graphics, extended to loading obj model and texture mapping, with functional camera class",repository,https://bitbucket.org/iyoung/real-time-3d-graphics-opengl.git,,c++,3D
Foxbud/python-3d,3D ASCII engine in Python.,repository,https://bitbucket.org/Foxbud/python-3d.git,,python,3D
thecodingart/3d-calayer-cube,Book: iOS Core Animation Advanced Techniques Description: A 3D cube rendered using CALayers,repository,https://bitbucket.org/thecodingart/3d-calayer-cube.git,,objective-c,3D
wirtaw/3d-molecule-viewer,Service to view molecules in the 3D with browser,repository,https://bitbucket.org/wirtaw/3d-molecule-viewer.git,,html/css,3D
mxinshangshang/csharp_3d_wpf,CSharp_WPF_3D,repository,https://bitbucket.org/mxinshangshang/csharp_3d_wpf.git,,,3D
subspace/3d_engine,A soft 3d engine.,repository,https://bitbucket.org/subspace/3d_engine.git,,c++,3D
harrisonhjones/3d-parts-library,"Technology = ""Solidworks"" Description = ""A library of 3D parts/products for various vendors. Some of them are property of the respective vendors while others are hand modeled.""",repository,https://bitbucket.org/harrisonhjones/3d-parts-library.git,,other,3D
ygo_morais/threejs-3d,Estudo sobre a biblioteca de anima√ß√µes em 3D para web - ThreeJs,repository,https://bitbucket.org/ygo_morais/threejs-3d.git,,javascript,3D
Hartmarken349/3d,3D models for ILITE Robotics team competing in FIRST challenge. As featured on GitHub... twice!,repository,https://bitbucket.org/Hartmarken349/3d.git,,,3D
Ayysc/3d_fundamentals,"Base code for the Planet Chili tutorial series ""3D Fundamentals"" on YouTube.",repository,https://bitbucket.org/Ayysc/3d_fundamentals.git,,,3D
chong_zhou/3d-realtime-rendering-engine-based-on-html4,"Try to build 3D realtime rendering engine based on HTML4 technologies only(without HTML5, WebGL...). Prototype achieved which supports full featured coordinate computing and framework rendering.",repository,https://bitbucket.org/chong_zhou/3d-realtime-rendering-engine-based-on-html4.git,,java,3D
BonozoDevB/3d-cave-runner,Skillz integration example: 3D Cave Runner game for Unity Android ,repository,https://bitbucket.org/BonozoDevB/3d-cave-runner.git,,,3D
degtiarev/3d-breakout-game,"This is the main project of Breakout game in 3D space based on Qt, OpenGL and GMLib made for the subject of Advanced Game and Simulator Programming and Finite Element Method.",repository,https://bitbucket.org/degtiarev/3d-breakout-game.git,,c++,3D
baudry_de-bray/virtual-3d-ece,"Virtual 3D ECE pourra √™tre utilis√© pour la promotion √©cole, que ce soit lors des portes ouvertes √† l‚ÄôECE ou bien dans des salons √©tudiants √† l‚Äôext√©rieur. Lors de ce contact avec les personnes ext√©rieures √† l‚Äô√©tablissement, le projet peut servir non seulement √† faire visiter les locaux, mais √©galement √† montrer sa sp√©cificit√© √† travers l‚Äôapprentissage par projet. ",repository,https://bitbucket.org/baudry_de-bray/virtual-3d-ece.git,,,3D
jonasgraterol/3d-scene,A project of a 3D scene and animated object using three.js library at the frontend and NodeJS at the backend,repository,https://bitbucket.org/jonasgraterol/3d-scene.git,,nodejs,3D
imhicihu/3d-cemetery-photogrammetry,"Migration through 2D data to 3D, applying photogrametry.",repository,https://bitbucket.org/imhicihu/3d-cemetery-photogrammetry.git,,javascript,3D
S_Siider/3d-minesweeper-clone,A 3D First-Person Unity written clone of Minesweeper,repository,https://bitbucket.org/S_Siider/3d-minesweeper-clone.git,,c#,3D
corkle/caves-3d,"A proof-of-concept project for an online game with server-side state. Clients connected via WebSocket receive updates for state changes and reflect local state as 3D objects on HTML5 Canvas. Clojure, ClojureScript, Re-Frame, Three.js",repository,https://bitbucket.org/corkle/caves-3d.git,,,3D
3dmouse/el6483_3d-mouse,"3D Mouse, a tri-axial gesture controlled PC mouse The device is able to implement all the functions of the traditional mouse, by exclusively using simple hand gestures. No line of sight required. No flat surface required. By simply changing the orientation of the index finger and the thumb the mouse pointer in the OS is controlled.",repository,https://bitbucket.org/3dmouse/el6483_3d-mouse.git,,,3D
degtiarev/collision-library-for-3d-games,"This is library based on Qt, OpenGL and GMLib, that allows detect and compute collisions in 3D space made for the subject of Advanced Game and Simulator Programming.",repository,https://bitbucket.org/degtiarev/collision-library-for-3d-games.git,,c++,3D
asironi/learn_approx_class_3d,"Code of the algorithm described in [1], 3D version. [1] R. Rigamonti, A. Sironi, V. Lepetit and P. Fua. Learning Separable Filters. IEEE International Conference on Computer Vision and Pattern Recognition (CVPR 2013), Portland, Oregon, USA, 2013.",repository,https://bitbucket.org/asironi/learn_approx_class_3d.git,,,3D
digiart_team/classification-of-3d-models,CERTH developments about 3D classification.,repository,https://bitbucket.org/digiart_team/classification-of-3d-models.git,,,3D
TParkin12/breakout-3d,Breakout made in 3D using DirectX C++,repository,https://bitbucket.org/TParkin12/breakout-3d.git,,,3D
mso797/ventor-a-3d-pygame-game,Pilot a paper airplane through airplane vents Dodge Obtsacles and Collect scripts Made by High School Students 3D Perception http://www.teencomputing.com/tej20pcss/joe/ventor/ventor.html,repository,https://bitbucket.org/mso797/ventor-a-3d-pygame-game.git,,,3D
Jeronen/unity-3d-c-extensions,Extension methods to use with Unity 3D & C#,repository,https://bitbucket.org/Jeronen/unity-3d-c-extensions.git,,c#,3D
roliveiravictor/games-first-game-3d,First game 3D ever developed. Title: Battery Man Engine: Unreal 4 Programming Language: C++ IDE: Visual Studio 2013 Tutorial: Unreal Tutorials - https://wiki.unrealengine.com/Introduction_to_UE4_Programming_-1-_Overview,repository,https://bitbucket.org/roliveiravictor/games-first-game-3d.git,,c++,3D
doctorxyz/3d-cube,"A PS2 3D Rotating Cube with a Custom Texture Demo, adapted from this code (https://github.com/ps2dev/ps2sdk/tree/master/ee/draw/samples/texture). You can use my bmp2raw tool (https://bitbucket.org/doctorxyz/bmp2raw) in order to put your own texture image.",repository,https://bitbucket.org/doctorxyz/3d-cube.git,,c,3D
dlivingstone/monogame-3d-scene,Sample 3D Scene,repository,https://bitbucket.org/dlivingstone/monogame-3d-scene.git,,c#,3D
CML-IE/3d_web_scrap,A software to scrap information from 3D CAD websites,repository,https://bitbucket.org/CML-IE/3d_web_scrap.git,,python,3D
Scellow/libgdx-3d-test,Quick test to demonstrate FPS drop when rendering 3D models in random order in OSX 10.11.1,repository,https://bitbucket.org/Scellow/libgdx-3d-test.git,,java,3D
arlez80/3d-scanning-shader,3D scanning shader for Godot Engine,repository,https://bitbucket.org/arlez80/3d-scanning-shader.git,,,3D
0ctobyte/simple-3d-model-renderer,Just a simple 3D Model Renderer. Takes a very simple wavefront object file (*.obj and *.mtl) and displays the wireframe model on the screen. Uses OpenGL 3.3 and SFML to create cross-platform windows with an OpenGL context. Press Q and A to zoom-in and zoom-out and the arrow keys to pan.,repository,https://bitbucket.org/0ctobyte/simple-3d-model-renderer.git,,c++,3D
rasgan/koszty-druku-3d,Arkusz kalkulacyjny u≈ÇatwiajƒÖcy liczenie koszt√≥w druku 3D,repository,https://bitbucket.org/rasgan/koszty-druku-3d.git,,,3D
aidantemple/3d-xna-sample,A sample demonstrating 3D games creation using XNA 4.0,repository,https://bitbucket.org/aidantemple/3d-xna-sample.git,,c#,3D
superdave2u/wp-dmc-3d-spine-plugin,Wordpress Shortcode for interactive 3d Presentation of Spine for DocMoeChiro.com,repository,https://bitbucket.org/superdave2u/wp-dmc-3d-spine-plugin.git,,,3D
ian_tipton/3d-rotate-to-image,A project which demonstrates how 3D transforms get lost when converting to images in iOS.,repository,https://bitbucket.org/ian_tipton/3d-rotate-to-image.git,,objective-c,3D
autumnkids/3d-graphics-and-rendering-final-project,This is the final project of class CSCI-580 3D Graphics and Rendering. It's a team project with 4 people. We implement a real-time rendering system for generating a Chinese traditional painting.,repository,https://bitbucket.org/autumnkids/3d-graphics-and-rendering-final-project.git,,c++,3D
cristi_manolachi/unity-3d,Unity 3d ads,repository,https://bitbucket.org/cristi_manolachi/unity-3d.git,,c#,3D
vgl_iisc/mscomplex-3d,3d mscomplexes,repository,https://bitbucket.org/vgl_iisc/mscomplex-3d.git,,,3D
Kolbeinsvik/3d-model-catalogue,"A catalogue for 3D models. Stl-files, Gcode, etc. ",repository,https://bitbucket.org/Kolbeinsvik/3d-model-catalogue.git,,,3D
alcame9/one-page-3d-vector-library,3D math library to manage and manipulate vectors and matrixs . All in one page!,repository,https://bitbucket.org/alcame9/one-page-3d-vector-library.git,,,3D
rushila/3d-lung-nodule-cnn,Lung nodule detection and segmentation using 3D convolutional neural networks,repository,https://bitbucket.org/rushila/3d-lung-nodule-cnn.git,,matlab,3D
vulgarkittenstudios/raiden-3d,This is the raiden engine's 3d library,repository,https://bitbucket.org/vulgarkittenstudios/raiden-3d.git,,javascript,3D
matthewx1/wou-3d-scanner,Forking the 3D Scanner project for lab 6,repository,https://bitbucket.org/matthewx1/wou-3d-scanner.git,,,3D
agozillon/real-time-3d,"First step into 3D programming within C++ using the OpenGL 3.3 API, also uses the SDL, Bass, and glm library's for text, window creation, matrix/vector operations and audio control ",repository,https://bitbucket.org/agozillon/real-time-3d.git,,c++,3D
MateuszRyniewicz/race-3d-udemy,In this project I'm still learning basic functions of race game 3D.,repository,https://bitbucket.org/MateuszRyniewicz/race-3d-udemy.git,,,3D
apollon/3d-vector-plot,A simple set of C/C++ functions for 3D plots in openGL.,repository,https://bitbucket.org/apollon/3d-vector-plot.git,,c++,3D
terawattindustries/3d-extrusion-clip,"An OpenSCAD design for printed ABS extrusion clips that snap onto aluminum extrusion for Prism, Mendelmax, and similar 3D printers.",repository,https://bitbucket.org/terawattindustries/3d-extrusion-clip.git,,,3D
rashed_karim/statistics-on-3d-surface-mesh-data,Computes various statistical measures on data in 3D surface meshes (VTK),repository,https://bitbucket.org/rashed_karim/statistics-on-3d-surface-mesh-data.git,,,3D
jeremiekaltenmark/ab-3d,personal work on a 3D renderer cross platform,repository,https://bitbucket.org/jeremiekaltenmark/ab-3d.git,,c++,3D
Monotoba/3d-perspective-demo,A Simple 3D Perspective Demo in Dart/Flutter,repository,https://bitbucket.org/Monotoba/3d-perspective-demo.git,,dart,3D
FireHo57/3d_asteroids,asteroid missile control mash in 3d,repository,https://bitbucket.org/FireHo57/3d_asteroids.git,,,3D
sekaisoftware/3d-unity-rpg,3D RPG Game developed in Unity with a 'Spirit World'-like setting.,repository,https://bitbucket.org/sekaisoftware/3d-unity-rpg.git,,c#,3D
supriyanto_maftuh_st/3d,3D models for ILITE Robotics team competing in FIRST challenge. As featured on GitHub... twice!,repository,https://bitbucket.org/supriyanto_maftuh_st/3d.git,,,3D
fritigern_gothly/3d_torch,A fork of 3d_torches by Infinatum/kingarthutsteam/Semmett9,repository,https://bitbucket.org/fritigern_gothly/3d_torch.git,,,3D
dvm-system/elastic-wave-3d,This presents techology of 3D elastic waves simulation on high-performace clusters and contains sequential and parallel (MPI and FDVMH) implementations of appropriate algorithms.,repository,https://bitbucket.org/dvm-system/elastic-wave-3d.git,,fortran,3D
mzvan/four_in_a_row_3d,html/css/js version of 3D four in a row,repository,https://bitbucket.org/mzvan/four_in_a_row_3d.git,,html/css,3D
akillingbeck/3d-flight-game,"A project I made entirely in xna. I decided to try and build it without using any 3D modelling programs, so the spaceship is actually made from creating triangles using triangle fan in the correct direction",repository,https://bitbucket.org/akillingbeck/3d-flight-game.git,,c#,3D
ishan_kaushik/3d_data_vizualisation_solution,FME - 3D PDF based solution for point cloud data,repository,https://bitbucket.org/ishan_kaushik/3d_data_vizualisation_solution.git,,,3D
ragroup/3d-print,Repository for the 3D printers in our makerspace.,repository,https://bitbucket.org/ragroup/3d-print.git,,,3D
Piratkopia13/dv1542-3d-project,3D programming project that is part of the course DV1542 on Blekinge Institute of Technology. Instructions can be found at http://piratkopia13.com/3d-project-instructions.pdf (if the link is still up :) ),repository,https://bitbucket.org/Piratkopia13/dv1542-3d-project.git,,c++,3D
nemmen/raishin-3d-grmhd,3D general relativistic MHD code,repository,https://bitbucket.org/nemmen/raishin-3d-grmhd.git,,fortran,3D
crezax/unity-3d-game,"This is my 1st 3D game. If by any chance, I put any copyrighted images in this repository, I made it by mistake using google images and I will gladly remove them asap. As of today, this repository is made for learning purposes only. If anyone would like to contribute, they are welcome to contact me.",repository,https://bitbucket.org/crezax/unity-3d-game.git,,c#,3D
Andrey8000/modelinstanceextended-for-libgdx-3d,"–î–æ–ø–æ–ª–Ω–µ–Ω–∏–µ –∫ api ModelInstance –≤ libgdx 3d - –º–µ—Ç–æ–¥—ã –ø–µ—Ä–µ–º–µ—â–µ–Ω–∏—è, –≤—Ä–∞—â–µ–Ω–∏—è –∏ –º–∞—Å—à—Ç–∞–±–∏—Ä–æ–≤–∞–Ω–∏—è –≤ —É–¥–æ–±–Ω–æ–º –∏—Å–ø–æ–ª–Ω–µ–Ω–∏–∏",repository,https://bitbucket.org/Andrey8000/modelinstanceextended-for-libgdx-3d.git,,java,3D
khoo_ccny/3d-tic-tac-toe,"A Qt program that uses OpenGL to render the 3D cube. As part of my AI class project, 3DTTT uses Negamax to search for a solution as it ""plays"" with you.",repository,https://bitbucket.org/khoo_ccny/3d-tic-tac-toe.git,,c++,3D
mmavrov/3d-print-with-mach3,"Set of a Mach3 brain, Arduino-based temperature controller and fan switch, that can turn Mach3 into a 3D printer controller",repository,https://bitbucket.org/mmavrov/3d-print-with-mach3.git,,,3D
phts-home/tetris-3d,Tetris 3D game. Compiled with Pelles C.,repository,https://bitbucket.org/phts-home/tetris-3d.git,,c,3D
JaufretDemaries/modelisation-3d,Projet mod√©lisation 3D,repository,https://bitbucket.org/JaufretDemaries/modelisation-3d.git,,,3D
fwilliams/3d-maze-generator,A 3D maze generator and renderer using Kruskal's algorithm. ,repository,https://bitbucket.org/fwilliams/3d-maze-generator.git,,c++,3D
tridevent/run_3d,Juego runner 3D para android,repository,https://bitbucket.org/tridevent/run_3d.git,,unityscript,3D
Rakiah/rakiah-3d,Rakiah 3D engine,repository,https://bitbucket.org/Rakiah/rakiah-3d.git,,c,3D
nastynee/3d_histogram,This plugin takes an image as input and generates a 3d histogram in nuke,repository,https://bitbucket.org/nastynee/3d_histogram.git,,,3D
cxlvii/css-3d-flip-book,"3d flip book, made while learning AngularJS",repository,https://bitbucket.org/cxlvii/css-3d-flip-book.git,,,3D
michael_grinnell/volcano-escape-3d-xna-game,"This fun game built in C# using XNA framework demonstrates the following functionality. Textured 3D primitives, simple AI, collision detection and response, frustum culling, game cameras, game audio, game levels and win/lose logic. You play as a textured green sphere, the object of the game is to knock the enemy (AI) spheres of the edge of a circular arena and then escape the volcano via moving platforms before the lava reaches you.",repository,https://bitbucket.org/michael_grinnell/volcano-escape-3d-xna-game.git,,c#,3D
sunoj-dev/3d-printer,3D ÌîÑÎ¶∞ÌÑ∞ ÏûêÎ£å,repository,https://bitbucket.org/sunoj-dev/3d-printer.git,,,3D
tmaric/boost-geometry-3d,boost.geometry IO and geometrical algorithms operating in 3D ,repository,https://bitbucket.org/tmaric/boost-geometry-3d.git,,c++,3D
gnoshme/3d-print-resume-and-recover,"Ruby script to continue a stalled 3d print. All you need is the original gcode file, and the layer that it stalled on.",repository,https://bitbucket.org/gnoshme/3d-print-resume-and-recover.git,,ruby,3D
jgrisham4/gfem-hc-3d,"Galerkin finite element code for 3D, steady-state heat conduction and potential flow. ",repository,https://bitbucket.org/jgrisham4/gfem-hc-3d.git,,c++,3D
kemp/3d-printing,Stuff I use for 3d printing,repository,https://bitbucket.org/kemp/3d-printing.git,,,3D
kaiergin/3d-graphing-calculator,Graphing calculator that is able to display a 3D graph of vectors and surfaces.,repository,https://bitbucket.org/kaiergin/3d-graphing-calculator.git,,java,3D
shuminspectraledge/3d_lut_mali_sobel,an experiment version of 3d lookup table on mali based on ARM's example code for sobel filter.,repository,https://bitbucket.org/shuminspectraledge/3d_lut_mali_sobel.git,,,3D
hackersgame/3d_filesystem,GPL3 tool to build a 3d filesystem in blender,repository,https://bitbucket.org/hackersgame/3d_filesystem.git,,,3D
ruioliveiras/mini-3d-engine-from-xml-opengl-c-visualstudio,"The XML support: Tranformations, scales and rotation. Also has catmull-rom and rotation with time for animations. Has a free First person Camera. Works with light and textures. Figures .3d used in XML are created by the gerator.",repository,https://bitbucket.org/ruioliveiras/mini-3d-engine-from-xml-opengl-c-visualstudio.git,,,3D
ABAlmeida/3d-project,Creating a 3D Monkeyball Type game,repository,https://bitbucket.org/ABAlmeida/3d-project.git,,c++,3D
rmassanet/curso-unity-palma-activa-3d,Proyecto 3D,repository,https://bitbucket.org/rmassanet/curso-unity-palma-activa-3d.git,,,3D
yukikoyama/view-dependent-control-of-elastic-rod-simulation-for-3d,"This is an implementation of the following paper: Yuki Koyama and Takeo Igarashi. 2013. View-dependent control of elastic rod simulation for 3D character animation. In Proceedings of the 12th ACM SIGGRAPH/Eurographics Symposium on Computer Animation (SCA '13). ACM, New York, NY, USA, 73-78. ",repository,https://bitbucket.org/yukikoyama/view-dependent-control-of-elastic-rod-simulation-for-3d.git,,c#,3D
damienjadeduff/label_vid_3d,A labelling program for labelling 3D pose over a video; the aim is to calculate the error in the *image projection* as the labelling process invariably produces depth biases.,repository,https://bitbucket.org/damienjadeduff/label_vid_3d.git,,python,3D
pedroluis02/soccer-game-3d-rep,A Soccer Game 3D Representation with player simulations,repository,https://bitbucket.org/pedroluis02/soccer-game-3d-rep.git,,java,3D
preethamroy/3d-mouse,"3D Mouse, a tri-axial gesture controlled PC mouse The device is able to implement all the functions of the traditional mouse, by exclusively using simple hand gestures. No line of sight required. No flat surface required. By simply changing the orientation of the index finger and the thumb the mouse pointer in the OS is controlled.",repository,https://bitbucket.org/preethamroy/3d-mouse.git,,c,3D
asscore/3d-cube,Przyk≈Çad animacji sze≈õcianu 3D na PS2.,repository,https://bitbucket.org/asscore/3d-cube.git,,c,3D
josuemazevedo/scanner-3d-projeto-tcc-ufc,"Aplica√ß√£o de Scanner 3D utilizando Microsoft Kinect, desenvolvida como trabalho de conclus√£o de curso. Universidade Federal do Cear√° - Engenharia de Computa√ß√£o.",repository,https://bitbucket.org/josuemazevedo/scanner-3d-projeto-tcc-ufc.git,,c#,3D
nicobxez/3d-animation-js,3D animation of a sales card with the aim of practicing and perfecting my css and js skills,repository,https://bitbucket.org/nicobxez/3d-animation-js.git,,javascript,3D
vittooh/3d-move-tool,Importando arquivo 3d e dando zoom in e zoom out no mesmo. OPENGL,repository,https://bitbucket.org/vittooh/3d-move-tool.git,,python,3D
CypherStone/3d-software-rasteriser-uod,The Win32 3D software rasteriser that was developed for the Graphics 1 module at the University of Derby.,repository,https://bitbucket.org/CypherStone/3d-software-rasteriser-uod.git,,c++,3D
zoli3/image-carousel-3d,A 3D image carousel in JavaScript.,repository,https://bitbucket.org/zoli3/image-carousel-3d.git,,javascript,3D
ahmed310/3d-wolfenstein-clone,3d wolfenstein clone made from scratch in opengl 3.3+ | SDL2. visual studio 2013 is used.,repository,https://bitbucket.org/ahmed310/3d-wolfenstein-clone.git,,c++,3D
prawn-cake/3d,3D modelling and animation tutorial,repository,https://bitbucket.org/prawn-cake/3d.git,,html/css,3D
ManuPQ/mini-kossel-3d-printer,Documentation on how we used this 3D printer. Assembly is well described by the supplier of the Kossel (with makerbay),repository,https://bitbucket.org/ManuPQ/mini-kossel-3d-printer.git,,,3D
Travis_L/3d-shooter,A 3D shooter with basic AI. Started Work on 25/12/2013,repository,https://bitbucket.org/Travis_L/3d-shooter.git,,c#,3D
Logrus/3d-image-analysis,Exercises for 3D Image Analysis course,repository,https://bitbucket.org/Logrus/3d-image-analysis.git,,c++,3D
fishinggrapes/3d-pathfinding,A Simple 3D Pathfinding Solution based on Sebastian Lague's 2D Pathfinding tutorial (https://www.youtube.com/playlist?list=PLFt_AvWsXl0cq5Umv3pMC9SPnKjfp9eGW),repository,https://bitbucket.org/fishinggrapes/3d-pathfinding.git,,c#,3D
krris/3d-bin-packing,3D Bin Packing,repository,https://bitbucket.org/krris/3d-bin-packing.git,,c++,3D
jtoikka/3d-text-adventure,An old-school text adventure... ...in 3D.,repository,https://bitbucket.org/jtoikka/3d-text-adventure.git,,scala,3D
GDC_UTA/down-to-earth-3d,3D Unity Project for the Down To Earth game. ,repository,https://bitbucket.org/GDC_UTA/down-to-earth-3d.git,,c#,3D
quaelgeist/godot-example-simple-3d-shooter-movement,"This example covers: - A 3D-Scene - movement Using the ""WASD"" Keys, - Camera-rotation (currently not working) This example is made to be understandable and clean. The code may not be suitable for Productive use!",repository,https://bitbucket.org/quaelgeist/godot-example-simple-3d-shooter-movement.git,,python,3D
monikamnc/projecte-death-run-3d,Projecte 3D Realitat Virtual Grau en Multim√®dia UVIC Enric Vergara,repository,https://bitbucket.org/monikamnc/projecte-death-run-3d.git,,c#,3D
anjeonghu/maxst-3d-builder,3D Ïª®ÌÖêÏ∏† Ï†ÄÏûëÎèÑÍµ¨,repository,https://bitbucket.org/anjeonghu/maxst-3d-builder.git,,,3D
John-Rob_Evans/3d,3D models for ILITE Robotics team competing in FIRST challenge.,repository,https://bitbucket.org/John-Rob_Evans/3d.git,,,3D
treavorisom/3d-engine,A simple 3D engine.,repository,https://bitbucket.org/treavorisom/3d-engine.git,,c++,3D
SmokeJaguar/wolfeinstein-3d-html5,"Wolfeinstein 3D HTML5 full conversion I did not wrote it i am not the maker of this script. It is relased under the gplv2 licence. 6 Episode + Spear of Destiny Usage: Just upload and play! This is a total html5-javascript conversion of the original game, all episodes until Spear of Destiny is included! 81 stage. Usage: 1. Upload to any webhost 2. Load the index.php in your web browser 3. It can save the game and store it in HTML local storage(Can erese it with erase all cache and cookies in your browser...) What is not working: 1. Sound and music volume control (Once you turn off in the menu you cannot turn back on any sound just if u erase all cookies) 2. Quit menu option(it figures why not... XD) 3. Function keyboards(F1 to F12) are not working. The script itself is opensource, so you can rewrite from scratch change and edit levels and graphics, to make your own game! Have fun!",repository,https://bitbucket.org/SmokeJaguar/wolfeinstein-3d-html5.git,,html/css,3D
erayozr/real-time-3d-rendering-with-directx-and-hlsl,This is custom version of Real Time 3D Rendering with DirectX and HLSL.,repository,https://bitbucket.org/erayozr/real-time-3d-rendering-with-directx-and-hlsl.git,,c++,3D
minder/django-pokaz-3d,Przyk≈Çadowy projekt tworzony na zajƒôciach z klasƒÖ 3D,repository,https://bitbucket.org/minder/django-pokaz-3d.git,,python,3D
shuminspectraledge/3d_lut_amd,a visual studio project using AMD graphic card to do 3D look up,repository,https://bitbucket.org/shuminspectraledge/3d_lut_amd.git,,,3D
gALEXyMAN/3d-game,3D game being made in C++ using SDL and OpenGL (work in progress),repository,https://bitbucket.org/gALEXyMAN/3d-game.git,,c++,3D
marcinkevicius/3d_sbs_v2,"New application on video streaming, editing and transcoding this is new verstion from 3d_sync, started on 20190622.",repository,https://bitbucket.org/marcinkevicius/3d_sbs_v2.git,,c++,3D
adeshpandey/3d-editor,3D assignment,repository,https://bitbucket.org/adeshpandey/3d-editor.git,,javascript,3D
fs446/analytical_3d_sfs,Comparing Approaches to the Spherical and Planar Single Layer Potentials for Interior Sound Field Synthesis -A tutorial on analytic methods for 3D sound field synthesis,repository,https://bitbucket.org/fs446/analytical_3d_sfs.git,,latex,3D
Chipe1/3d-monkey-game,"3D OpenGL game written in C Data structures for Object/Array buffers, vectors and matrix Lighting and shading Various camera angles and control Property list to control game mechanics and physics",repository,https://bitbucket.org/Chipe1/3d-monkey-game.git,,,3D
TheVice/real-time-3d-rendering-with-directx-and-hlsl,This is the fork of the source code for the book Real Time 3D Rendering with DirectX and HLSL: A Practical Guide to Graphics Programming by Paul Varcholik created while reading. * Information - http://www.varcholik.org/wpress/directx-book/ * Official repository - https://bitbucket.org/pvarcholik/real-time-3d-rendering-with-directx-and-hlsl,repository,https://bitbucket.org/TheVice/real-time-3d-rendering-with-directx-and-hlsl.git,,c++,3D
manixate/3d-obj-modelviewer-for-ios,3D Obj ModelViewer for iOS,repository,https://bitbucket.org/manixate/3d-obj-modelviewer-for-ios.git,,objective-c,3D
dani_thomas/3d-vr-robocat,This is dawn robotics camera robot controlled via Google Cardboard 3d VR headset,repository,https://bitbucket.org/dani_thomas/3d-vr-robocat.git,,html/css,3D
apacha/stable-3d-compass,App that displays a 3D-Compass with a stabilised sensor-fusion input to provide a highly robust orientation sensor.,repository,https://bitbucket.org/apacha/stable-3d-compass.git,,java,3D
kaschubert/chess-3d,3D Chess in shared screen and networked matches,repository,https://bitbucket.org/kaschubert/chess-3d.git,,java,3D
pvarcholik/real-time-3d-rendering-with-directx-and-hlsl,Source code repository for the book Real Time 3D Rendering with DirectX and HLSL: A Practical Guide to Graphics Programming,repository,https://bitbucket.org/pvarcholik/real-time-3d-rendering-with-directx-and-hlsl.git,,c++,3D
kkabdol/iphone-3d-programming,"Ported projects from Xcode 3.2.3, iOS SDK 4.0 to Xcode 6.1 iOS SDK 8.1 of the book 'iPhone 3D Programming'.",repository,https://bitbucket.org/kkabdol/iphone-3d-programming.git,,c++,3D
0nos/3d-furniture-design-application,The application is motivated by user requests. Hope the app can apply to other 3D design. -- http://www.thanasapfurniture.com,repository,https://bitbucket.org/0nos/3d-furniture-design-application.git,,,3D
indrajithbandara/3d-raindrop-customizer,An OpenSCAD script for generating 3D raindrops.,repository,https://bitbucket.org/indrajithbandara/3d-raindrop-customizer.git,,,3D
nuvied66/3d-point-and-click,A point and click framework for 3d environment and objects......,repository,https://bitbucket.org/nuvied66/3d-point-and-click.git,,unityscript,3D
afofonjka/emvs-3d-reconstruction-algorithm,EMVS is designed to efficiently compute dense 3D point clouds from ultra high-resolution image sets using stereo vision (https://link.springer.com/article/10.1007/s00138-011-0346-8). The method relies on the fast DAISY descriptor that can be computed for millions of pixels in just a few seconds.,repository,https://bitbucket.org/afofonjka/emvs-3d-reconstruction-algorithm.git,,,3D
oparaskos/3d-scene-coursework,"Coursework to create a 3D scene, as part of coursework for Graphics Technology (opengl c++). Written on top of SDL, GLEW, Openassimp, and GLM.",repository,https://bitbucket.org/oparaskos/3d-scene-coursework.git,,c++,3D
NicolasCreton/urbawood-3d,Projet M1 - R√©alisation d'un tableau de bord 3D FPS sous Unity pour le laboratoire de recherche Urbawood de Lille. Cr√©√© par Nicolas Creton - Floriel Fedry - Baptiste Karolewski Encadr√© par M. Nacim Ihaddadene,repository,https://bitbucket.org/NicolasCreton/urbawood-3d.git,,c#,3D
bugratekin/learning_3d_separable_filters_sep_td,Approximate an existing 3D non-separable filter bank with a separable filter bank to speed up the computer vision tasks that require intense filter bank convolutions.,repository,https://bitbucket.org/bugratekin/learning_3d_separable_filters_sep_td.git,,matlab,3D
jwatzinger/3d-td-cg,"Repository for submission of my project ""3D tower defense"" for computergraphics.",repository,https://bitbucket.org/jwatzinger/3d-td-cg.git,,c++,3D
martingrant/3d-level-design,Coursework for 3D Level Design class for my Computer Games Technology BSc.,repository,https://bitbucket.org/martingrant/3d-level-design.git,,c++,3D
den191097/3d-renderer,Simple 3D renderer with Z-Buffering and Active Edges scanline algo. Created as CG coursework.,repository,https://bitbucket.org/den191097/3d-renderer.git,,java,3D
Stoicode-dev/3d-game-of-life,3D Game of Life sandbox made in Unity. It uses an individual cube/tile OOP pattern.,repository,https://bitbucket.org/Stoicode-dev/3d-game-of-life.git,,c#,3D
roostercreative/optima-3d-rooms,A series of 3D room tours created using Blend4Web for Optima Systems.,repository,https://bitbucket.org/roostercreative/optima-3d-rooms.git,,,3D
rashed_karim/3d-surface-mesh-data-mapper,Maps data read from a text file to a 3D surface mesh (VTK),repository,https://bitbucket.org/rashed_karim/3d-surface-mesh-data-mapper.git,,,3D
okazoh_tk/graphics-3d-binaries,3D Graphics Binaries.,repository,https://bitbucket.org/okazoh_tk/graphics-3d-binaries.git,,c++,3D
shovonr/3d-without-webgl,Just some 3D without any WebGL. Pure linear algebra.,repository,https://bitbucket.org/shovonr/3d-without-webgl.git,,javascript,3D
RalphSutherland/3d-printhost,new rssdev 3D printer printhost,repository,https://bitbucket.org/RalphSutherland/3d-printhost.git,,objective-c,3D
damitj07/chrome_3d,This is a demo repo for chrome homepage like 3d rotate effect.,repository,https://bitbucket.org/damitj07/chrome_3d.git,,,3D
maximiliangoettgens/3d-dataset-utilities,"A set of 3D dataset utilities for convenient conversion, registration, label conversion, clustering and visualization of point clouds.",repository,https://bitbucket.org/maximiliangoettgens/3d-dataset-utilities.git,,c++,3D
PetrKrumpolc/3d-renderer,3D basic renderer based on OpenGL. Phong shading + Normal Mapping,repository,https://bitbucket.org/PetrKrumpolc/3d-renderer.git,,c++,3D
virtuax/virtuax-3d,opensource 3D engine software,repository,https://bitbucket.org/virtuax/virtuax-3d.git,,c#,3D
jakepetroules/jakes-3d-mmo,The foundations of a future 3D MMORPG that I wrote around 2007 or 2008,repository,https://bitbucket.org/jakepetroules/jakes-3d-mmo.git,,c#,3D
3dteam/thuengersheim-3d,Here all important files will be uploaded to create a photorealistic 3d of the family house in Thuenghersheim. Pls also put all interim presentations as as screenshot there I can do the necessary corrections.,repository,https://bitbucket.org/3dteam/thuengersheim-3d.git,,,3D
hanstt/tm1510_neuland_3d,3D view of events in geom models of NeuLAND + NEBULA.,repository,https://bitbucket.org/hanstt/tm1510_neuland_3d.git,,c++,3D
antonio_rt/estimation-of-fractal-dimension-in-brain-tumors-with-3d-box,Tutorial on 3D box counting using Mathematica 10. ,repository,https://bitbucket.org/antonio_rt/estimation-of-fractal-dimension-in-brain-tumors-with-3d-box.git,,mathematica,3D
degtiarev/3d-editor,"Simple 3d Editor based on Qt, OpenGL and GMLib made for the subject of Game design.",repository,https://bitbucket.org/degtiarev/3d-editor.git,,c++,3D
Hartmarken349/3d-mirror,3D models for ILITE Robotics team competing in FIRST challenge. As featured on GitHub... twice!,repository,https://bitbucket.org/Hartmarken349/3d-mirror.git,,,3D
nyfagamestudio/3d_game_design_jan_15,Repository for 3D Game Design (GDSN231) and Game Design Studio II (GDSN241) for the January 2015 semester.,repository,https://bitbucket.org/nyfagamestudio/3d_game_design_jan_15.git,,c#,3D
smrasel/css-3d-button,css 3d button,repository,https://bitbucket.org/smrasel/css-3d-button.git,,html/css,3D
xXx_orange/lewans-mini-unity-3d-games.,This is where I am going to upload all my mini Unity 3D games. To play a game download the zip file and unpack it. Then open the folder and double click on the EXE (or Linux version).,repository,https://bitbucket.org/xXx_orange/lewans-mini-unity-3d-games..git,,c#,3D
osamaSuperBatCode/isomer-3d-modelling-application,3D Modelling Application for quick Prototypes,repository,https://bitbucket.org/osamaSuperBatCode/isomer-3d-modelling-application.git,,,3D
joshua_mclean/mace-3d-game-engine,"Senior project for undergraduate computer science degree at Ramapo College of New Jersey. A basic component-based C++ 3D game engine utilizing OGRE and Bullet Physics, using then-cutting-edge C++11 features such as smart pointers. Not in active development.",repository,https://bitbucket.org/joshua_mclean/mace-3d-game-engine.git,,c++,3D
mateerladnam/3d-hartwig-chess-set,3D chess game done in HTML/CSS/JS,repository,https://bitbucket.org/mateerladnam/3d-hartwig-chess-set.git,,,3D
Yurlungur/mpi-wavetoy-3d,A 3-dimensional version of my wavetoy. Solves the 3d wave equation using MPI.,repository,https://bitbucket.org/Yurlungur/mpi-wavetoy-3d.git,,c++,3D
ahmed_mo2nis/mother-vs-drones-3d-game,3D Video Game Created in Godot Game Engine. Details here : https://ahmed-mo2nis.itch.io/mother-vs-drones,repository,https://bitbucket.org/ahmed_mo2nis/mother-vs-drones-3d-game.git,,,3D
Jason_BP/3d_game_git,3D Game Git,repository,https://bitbucket.org/Jason_BP/3d_game_git.git,,,3D
dpmu/d-pmu_3d_case,This repository contains the 3d model (ready to print) in stl format.,repository,https://bitbucket.org/dpmu/d-pmu_3d_case.git,,other,3D
AGibaja/cpp-basic-3d-graphics,C++ implementation of 3D graphics without using OpenGL.,repository,https://bitbucket.org/AGibaja/cpp-basic-3d-graphics.git,,c++,3D
My_Kent/3d-scene,3D-Scene view: using Open-GL,repository,https://bitbucket.org/My_Kent/3d-scene.git,,c++,3D
datnx/demo_3d_tour,demo_3d_tour,repository,https://bitbucket.org/datnx/demo_3d_tour.git,,android,3D
mo22/replicape_3d_printer_controller,3D printer controller board opensource//openhardware for BeagleBone (black) 3 CNC Axis +2 Feeder Axis some I/Os,repository,https://bitbucket.org/mo22/replicape_3d_printer_controller.git,,other,3D
effective/acumen-3d,Repository to collaborate on new 3d implementation. ,repository,https://bitbucket.org/effective/acumen-3d.git,,scala,3D
mfpiccolo/3d_tic_tac_toe,A simple game of 3d Tic Tac Toe,repository,https://bitbucket.org/mfpiccolo/3d_tic_tac_toe.git,,,3D
ysl150/3d-test,,repository,https://bitbucket.org/ysl150/3d-test.git,,,3D
samuel-oldra/cubo-3d-opengl,,repository,https://bitbucket.org/samuel-oldra/cubo-3d-opengl.git,,c#,3D
Andromed/unity_3d,,repository,https://bitbucket.org/Andromed/unity_3d.git,,,3D
Lnwpeach/3d-action-basic,,repository,https://bitbucket.org/Lnwpeach/3d-action-basic.git,,,3D
leegoonz_/real-time-3d-rendering-with-directx-and-hlsl,,repository,https://bitbucket.org/leegoonz_/real-time-3d-rendering-with-directx-and-hlsl.git,,c++,3D
aboutboxes/something-about-boxes-3d,,repository,https://bitbucket.org/aboutboxes/something-about-boxes-3d.git,,,3D
strekalev/3d-it-2-1y,,repository,https://bitbucket.org/strekalev/3d-it-2-1y.git,,,3D
peterkaram/3d_shapegenerator,,repository,https://bitbucket.org/peterkaram/3d_shapegenerator.git,,,3D
mackonenjor/uppsala-3d,,repository,https://bitbucket.org/mackonenjor/uppsala-3d.git,,,3D
loicprieurdrevon/indexation-3d,,repository,https://bitbucket.org/loicprieurdrevon/indexation-3d.git,,,3D
bea02wil/game-project-boost-3d-uchebnaia,Unity3D game (—É—á–µ–±–Ω–∞—è).,repository,https://bitbucket.org/bea02wil/game-project-boost-3d-uchebnaia.git,,c#,3D
expertisemanagement/narratieven-3d,,repository,https://bitbucket.org/expertisemanagement/narratieven-3d.git,,,3D
francudenisa/flight-simulation-3d,Flight simulation with a plane above mountains made in C++ using OpenGL.,repository,https://bitbucket.org/francudenisa/flight-simulation-3d.git,,c++,3D
Genebris/3d,,repository,https://bitbucket.org/Genebris/3d.git,,c#,3D
konradxxx3/3d,,repository,https://bitbucket.org/konradxxx3/3d.git,,,3D
CatherineRohovska/3d_unity_blocks,,repository,https://bitbucket.org/CatherineRohovska/3d_unity_blocks.git,,,3D
keiro/bouillon-de-culture-3d,,repository,https://bitbucket.org/keiro/bouillon-de-culture-3d.git,,processing,3D
MailRuUnityCourseTregubov/tower_defense_3d,Tower defense game on Unity,repository,https://bitbucket.org/MailRuUnityCourseTregubov/tower_defense_3d.git,,,3D
GabszyztyLe/3d-sabre,,repository,https://bitbucket.org/GabszyztyLe/3d-sabre.git,,,3D
Ransael/3d-assets,,repository,https://bitbucket.org/Ransael/3d-assets.git,,,3D
sfish0101/3d_smpl_release,,repository,https://bitbucket.org/sfish0101/3d_smpl_release.git,,,3D
adalelio/pcs-3d,,repository,https://bitbucket.org/adalelio/pcs-3d.git,,,3D
Ransael/3d-model-assets,,repository,https://bitbucket.org/Ransael/3d-model-assets.git,,,3D
nikitaPogutsa/3d_brush_unity_2017.3_oculus_build,,repository,https://bitbucket.org/nikitaPogutsa/3d_brush_unity_2017.3_oculus_build.git,,,3D
Ransael/3d-model,,repository,https://bitbucket.org/Ransael/3d-model.git,,,3D
tk_ar/oviedo-escondido-3d,,repository,https://bitbucket.org/tk_ar/oviedo-escondido-3d.git,,other,3D
BloodSakura/3d-action-dumbass,,repository,https://bitbucket.org/BloodSakura/3d-action-dumbass.git,,,3D
1SweeTDreamS1/imvu-cal-3d-exporter,,repository,https://bitbucket.org/1SweeTDreamS1/imvu-cal-3d-exporter.git,,,3D
bea02wil/game-argon-assault-3d-uchebnaia,Unity3D game (—É—á–µ–±–Ω–∞—è).,repository,https://bitbucket.org/bea02wil/game-argon-assault-3d-uchebnaia.git,,c#,3D
Linxu_Fan/mpm_3d_simplified,,repository,https://bitbucket.org/Linxu_Fan/mpm_3d_simplified.git,,,3D
thalagoyarobotics/darknet_ros_3d,,repository,https://bitbucket.org/thalagoyarobotics/darknet_ros_3d.git,,,3D
weyrsoft/real-time-3d-rendering-with-directx-and-hlsl,Code for the book i bought,repository,https://bitbucket.org/weyrsoft/real-time-3d-rendering-with-directx-and-hlsl.git,,c++,3D
Linxu_Fan/apic_3d,,repository,https://bitbucket.org/Linxu_Fan/apic_3d.git,,,3D
Linxu_Fan/mls_mpm_3d,,repository,https://bitbucket.org/Linxu_Fan/mls_mpm_3d.git,,,3D
ritwik_28/3d-shaders,,repository,https://bitbucket.org/ritwik_28/3d-shaders.git,,,3D
eddie0mohammed/3d_flip_card_hover,,repository,https://bitbucket.org/eddie0mohammed/3d_flip_card_hover.git,,,3D
eddie0mohammed/3d-touch-slider,,repository,https://bitbucket.org/eddie0mohammed/3d-touch-slider.git,,,3D
i_kvilinskiy/3d_apartment_task,,repository,https://bitbucket.org/i_kvilinskiy/3d_apartment_task.git,,,3D
syameshk/burning-sky-aircraft-combat-3d,,repository,https://bitbucket.org/syameshk/burning-sky-aircraft-combat-3d.git,,c#,3D
paula123/modelado-3d,,repository,https://bitbucket.org/paula123/modelado-3d.git,,,3D
moacirponti/3d-wide-field-restoration,,repository,https://bitbucket.org/moacirponti/3d-wide-field-restoration.git,,octave,3D
rcanoo/pinball-3d,,repository,https://bitbucket.org/rcanoo/pinball-3d.git,,c#,3D
ScottBurdon/park-scene-bandstand-3d-graphics-webgl,"The Common folder contains the shader programs, the ParkScene folder contains the src code: javascript files and html file",repository,https://bitbucket.org/ScottBurdon/park-scene-bandstand-3d-graphics-webgl.git,,,3D
ScottBurdon/cartwheel-3d-graphics-webgl,"The Common folder contains the shader programs, the CartWheel folder contains the src code: javascript files and html file",repository,https://bitbucket.org/ScottBurdon/cartwheel-3d-graphics-webgl.git,,,3D
minetest_gamers/3d_armor,,repository,https://bitbucket.org/minetest_gamers/3d_armor.git,,lua,3D
rajcze/3d_tisk,,repository,https://bitbucket.org/rajcze/3d_tisk.git,,,3D
dgezha/cannons-3d,,repository,https://bitbucket.org/dgezha/cannons-3d.git,,,3D
Emilioo26/3d-entorno,,repository,https://bitbucket.org/Emilioo26/3d-entorno.git,,,3D
teejs/3d-recon-ios-app,,repository,https://bitbucket.org/teejs/3d-recon-ios-app.git,,,3D
hojmose/smart-stream-3d,,repository,https://bitbucket.org/hojmose/smart-stream-3d.git,,,3D
nedonator/3d_cartoons,,repository,https://bitbucket.org/nedonator/3d_cartoons.git,,,3D
Pablo56/trabajos-entornos-3d,,repository,https://bitbucket.org/Pablo56/trabajos-entornos-3d.git,,,3D
portellaa/puzzle-3d,,repository,https://bitbucket.org/portellaa/puzzle-3d.git,,,3D
psudmant/3d_models,,repository,https://bitbucket.org/psudmant/3d_models.git,,,3D
tomd1013/unity_3d_char_controller,,repository,https://bitbucket.org/tomd1013/unity_3d_char_controller.git,,,3D
alfishgames/rolling-ball-3d,,repository,https://bitbucket.org/alfishgames/rolling-ball-3d.git,,c#,3D
carlo_dormeletti/3d_work,,repository,https://bitbucket.org/carlo_dormeletti/3d_work.git,,,3D
dastan_iyembergen/android-3d-cube-rotation,,repository,https://bitbucket.org/dastan_iyembergen/android-3d-cube-rotation.git,,,3D
turningtech/vue-carousel-3d,,repository,https://bitbucket.org/turningtech/vue-carousel-3d.git,,,3D
BTBTravis/byte_3d_building_explorer,,repository,https://bitbucket.org/BTBTravis/byte_3d_building_explorer.git,,,3D
bgvaughn/vaughn_3d_beginner,,repository,https://bitbucket.org/bgvaughn/vaughn_3d_beginner.git,,,3D
masato_miura/3d-sandbox,,repository,https://bitbucket.org/masato_miura/3d-sandbox.git,,,3D
blitzexgm/modelado-3d,,repository,https://bitbucket.org/blitzexgm/modelado-3d.git,,,3D
adamkaterina/segmentation-of-3d-models,,repository,https://bitbucket.org/adamkaterina/segmentation-of-3d-models.git,,,3D
towfie_fanous/3d-game-template,,repository,https://bitbucket.org/towfie_fanous/3d-game-template.git,,,3D
galiaf95/3d_hubs_engineering_challenge,,repository,https://bitbucket.org/galiaf95/3d_hubs_engineering_challenge.git,,python,3D
digiart_team/segmentation-of-3d-models,,repository,https://bitbucket.org/digiart_team/segmentation-of-3d-models.git,,,3D
CreatorCoder/3d_cnn,,repository,https://bitbucket.org/CreatorCoder/3d_cnn.git,,,3D
ecwolf/super-3d-noahs-ark,Official Wisdom Tree fork of ECWolf. Contains some minor aesthetic tweaks and strips out some mod support for optimization purposes.,repository,https://bitbucket.org/ecwolf/super-3d-noahs-ark.git,,c++,3D
ianmayo/debrief_3d,Repository to store NWW/J support for Debrief data,repository,https://bitbucket.org/ianmayo/debrief_3d.git,,java,3D
dfritts/3d-drawings,,repository,https://bitbucket.org/dfritts/3d-drawings.git,,,3D
msvendsen/procesing-faux-3d-swarm,,repository,https://bitbucket.org/msvendsen/procesing-faux-3d-swarm.git,,processing,3D
pycheyn/unity-3d-learning,,repository,https://bitbucket.org/pycheyn/unity-3d-learning.git,,,3D
manvscode/joe-3d-exporter,,repository,https://bitbucket.org/manvscode/joe-3d-exporter.git,,c++,3D
julianch89/kinect-3d,,repository,https://bitbucket.org/julianch89/kinect-3d.git,,c#,3D
DenisBlondeel/3d-computer-graphics1718,,repository,https://bitbucket.org/DenisBlondeel/3d-computer-graphics1718.git,,,3D
paracosmaar/ivn-3d,,repository,https://bitbucket.org/paracosmaar/ivn-3d.git,,,3D
DMakKin/3d-summoner,,repository,https://bitbucket.org/DMakKin/3d-summoner.git,,,3D
ts108086/3d-prints,,repository,https://bitbucket.org/ts108086/3d-prints.git,,,3D
tmkzflintz/jowit-box-3d,jowit-video-streaming-box,repository,https://bitbucket.org/tmkzflintz/jowit-box-3d.git,,,3D
K_TAYLOR/unity-3d-enhance-learning-in-a-three-dimensional-application,"A project created to explore if three-dimensional technology can make learning stimulating through cognitive behavior, spatial awareness, moods and other factors. Focused on the theory of music presented to enhance learning. Menu system, player movement, camera implementation, free look, dynamic text, collision detection, map building, scripts etc.",repository,https://bitbucket.org/K_TAYLOR/unity-3d-enhance-learning-in-a-three-dimensional-application.git,,c#,3D
EDBTZ/3d-games,,repository,https://bitbucket.org/EDBTZ/3d-games.git,,,3D
eedayley/3d_js,,repository,https://bitbucket.org/eedayley/3d_js.git,,,3D
sinetacks/3d,,repository,https://bitbucket.org/sinetacks/3d.git,,,3D
Bowerick/turisticka-mapa-3d,,repository,https://bitbucket.org/Bowerick/turisticka-mapa-3d.git,,android,3D
joshua_mclean/the-final-rescue-unity-3d,,repository,https://bitbucket.org/joshua_mclean/the-final-rescue-unity-3d.git,,c#,3D
ckanakadas/3d-printing-version2,,repository,https://bitbucket.org/ckanakadas/3d-printing-version2.git,,,3D
yaswanthtb/3d_mouse,,repository,https://bitbucket.org/yaswanthtb/3d_mouse.git,,,3D
zitrnik/3d-proj,,repository,https://bitbucket.org/zitrnik/3d-proj.git,,,3D
guozanhua/jakes-3d-mmo,,repository,https://bitbucket.org/guozanhua/jakes-3d-mmo.git,,c#,3D
slowinger/3d_heat_equation,,repository,https://bitbucket.org/slowinger/3d_heat_equation.git,,,3D
CPratt11/wou-3d-scanner,Forky,repository,https://bitbucket.org/CPratt11/wou-3d-scanner.git,,,3D
Eddie_07/modelado-y-texturizado-3d,,repository,https://bitbucket.org/Eddie_07/modelado-y-texturizado-3d.git,,,3D
georgeandrei1998/3d-map-project-final-version,"In urma observatiei legata de faptul ca proiectul a fost atasat intr-un format .zip, am creat un nou repository in care vom atasa proiectul in format nearhivat.",repository,https://bitbucket.org/georgeandrei1998/3d-map-project-final-version.git,,,3D
spacedfisherman/3d-sphere,creates sphere stl file then crashes.,repository,https://bitbucket.org/spacedfisherman/3d-sphere.git,,processing,3D
adamChristie/3d_printed_robotic_grippers,,repository,https://bitbucket.org/adamChristie/3d_printed_robotic_grippers.git,,,3D
daniilgoss/3d-game,,repository,https://bitbucket.org/daniilgoss/3d-game.git,,,3D
makible/5dprint-a6-3d-printer,This is the open source version of the MakiBox A6 design. All parts are designed to be either CNC machined or Laser Cut (rather than injection molded). ,repository,https://bitbucket.org/makible/5dprint-a6-3d-printer.git,,other,3D
foratala/3d-viewer,,repository,https://bitbucket.org/foratala/3d-viewer.git,,typescript,3D
Smartviewmediaco/3d-visualisation-melbourne,,repository,https://bitbucket.org/Smartviewmediaco/3d-visualisation-melbourne.git,,,3D
AnnaBilous/pseudo-3d-with-matplotlib,,repository,https://bitbucket.org/AnnaBilous/pseudo-3d-with-matplotlib.git,,,3D
Yetem12/unity-3d-space-invaders,Prosty klon gry Space Invaders na silniku Unity3D.,repository,https://bitbucket.org/Yetem12/unity-3d-space-invaders.git,,c#,3D
Superduck697/unity_3d_beginner,,repository,https://bitbucket.org/Superduck697/unity_3d_beginner.git,,,3D
bea02wil/game-rpg-3d-uchebnaia,Unity3D game (—É—á–µ–±–Ω–∞—è),repository,https://bitbucket.org/bea02wil/game-rpg-3d-uchebnaia.git,,c#,3D
TyreseHague/3d_game_repository,,repository,https://bitbucket.org/TyreseHague/3d_game_repository.git,,,3D
mrzepecka/grafika-3d,,repository,https://bitbucket.org/mrzepecka/grafika-3d.git,,c#,3D
moran_shemi/3d-tetris,,repository,https://bitbucket.org/moran_shemi/3d-tetris.git,,c#,3D
7sat/1610_3d_portfolio,,repository,https://bitbucket.org/7sat/1610_3d_portfolio.git,,,3D
sanchitgulati/3d-object-viewer,"A OBJ model viewer written in C++ using OpenGL, FreeGLUT, GLUI and SDL_image.",repository,https://bitbucket.org/sanchitgulati/3d-object-viewer.git,,c++,3D
some_metal_dude/3d_level_design,,repository,https://bitbucket.org/some_metal_dude/3d_level_design.git,,,3D
lnunes875/lnunes-portfolio-3d-animation-final-project,A short video of a man quoting The Princess Bride and moving.,repository,https://bitbucket.org/lnunes875/lnunes-portfolio-3d-animation-final-project.git,,,3D
ninerice/3d-ru-net,,repository,https://bitbucket.org/ninerice/3d-ru-net.git,,,3D
mechoril/3d_object_display_desktop,,repository,https://bitbucket.org/mechoril/3d_object_display_desktop.git,,,3D
mechoril/3d_object_display_webgl,,repository,https://bitbucket.org/mechoril/3d_object_display_webgl.git,,,3D
vega1997/pinball-3d,,repository,https://bitbucket.org/vega1997/pinball-3d.git,,,3D
crissofiasi/3d_printer,,repository,https://bitbucket.org/crissofiasi/3d_printer.git,,,3D
lexlex78/3d,,repository,https://bitbucket.org/lexlex78/3d.git,,,3D
EduardaDalmas/3d,,repository,https://bitbucket.org/EduardaDalmas/3d.git,,,3D
Jklagge1998/john-lemon-s-haunted-jaunt-3d-beginner-cis410-assignment2,,repository,https://bitbucket.org/Jklagge1998/john-lemon-s-haunted-jaunt-3d-beginner-cis410-assignment2.git,,,3D
igor_cn/3d-rep,,repository,https://bitbucket.org/igor_cn/3d-rep.git,,,3D
Ary_Mx/p4.-fundamentos-de-graficos-3d,,repository,https://bitbucket.org/Ary_Mx/p4.-fundamentos-de-graficos-3d.git,,,3D
thienlong19121997/box-beat-3d,,repository,https://bitbucket.org/thienlong19121997/box-beat-3d.git,,,3D
3dcoat/3d-coat-scripting-docs,Documentation for the 3DCoat's scripting. ,repository,https://bitbucket.org/3dcoat/3d-coat-scripting-docs.git,,,3D
jsturgi/sturgill_john_lennon_3d,,repository,https://bitbucket.org/jsturgi/sturgill_john_lennon_3d.git,,,3D
marcinkevicius/3d_in_out_service,,repository,https://bitbucket.org/marcinkevicius/3d_in_out_service.git,,c++,3D
ltpour/3d-audio-unity-demo,,repository,https://bitbucket.org/ltpour/3d-audio-unity-demo.git,,c#,3D
yamauchi1234/simple-3d-sample,,repository,https://bitbucket.org/yamauchi1234/simple-3d-sample.git,,javascript,3D
Mikeorma/practica-2-entornos-3d,,repository,https://bitbucket.org/Mikeorma/practica-2-entornos-3d.git,,,3D
SamWalder/3d_unprinter,Files for the robot that will ultimately WIN the University of Bristol Robot Wars Tornament,repository,https://bitbucket.org/SamWalder/3d_unprinter.git,,,3D
humra/3d_2019_matijahuremovic_exam,,repository,https://bitbucket.org/humra/3d_2019_matijahuremovic_exam.git,,,3D
joe_warren/3d-printing-talk,,repository,https://bitbucket.org/joe_warren/3d-printing-talk.git,,,3D
ckanakadas/3d-stl,,repository,https://bitbucket.org/ckanakadas/3d-stl.git,,,3D
teejs/3d-recon,,repository,https://bitbucket.org/teejs/3d-recon.git,,,3D
janedbal/tomas-majer-3d-bin-packing,,repository,https://bitbucket.org/janedbal/tomas-majer-3d-bin-packing.git,,php,3D
sillysillu/3d-demo-scenes_,,repository,https://bitbucket.org/sillysillu/3d-demo-scenes_.git,,,3D
AlessioCollalti/3d-cmcc-fem,,repository,https://bitbucket.org/AlessioCollalti/3d-cmcc-fem.git,,,3D
michsak/mini-golf-3d,,repository,https://bitbucket.org/michsak/mini-golf-3d.git,,,3D
caupetit/raytracer-parsing-3d-engine,A graphic engine using raytracing method.,repository,https://bitbucket.org/caupetit/raytracer-parsing-3d-engine.git,,c,3D
cesar-frick-pdg/rauxa-vue-3d,,repository,https://bitbucket.org/cesar-frick-pdg/rauxa-vue-3d.git,,javascript,3D
kiraichang/3d-cg,Automatically exported from code.google.com/p/3d-cg,repository,https://bitbucket.org/kiraichang/3d-cg.git,,,3D
adampusey/3d-games-prototyping,,repository,https://bitbucket.org/adampusey/3d-games-prototyping.git,,,3D
ori_shaham/tetris_3d,,repository,https://bitbucket.org/ori_shaham/tetris_3d.git,,,3D
Yetem12/unity-3d-arkanoid,"Prosty klon gry Arkanoid (https://www.youtube.com/watch?v=3luUb7WEm7k), 5 poziom√≥w oraz tryb multi (z kilkoma b≈Çƒôdami)",repository,https://bitbucket.org/Yetem12/unity-3d-arkanoid.git,,c#,3D
Conorf98/3d_ca2,,repository,https://bitbucket.org/Conorf98/3d_ca2.git,,,3D
jvhgamer/3d_adventure,,repository,https://bitbucket.org/jvhgamer/3d_adventure.git,,c#,3D
vanessadml/3d-projects,,repository,https://bitbucket.org/vanessadml/3d-projects.git,,,3D
vaghelaj/3d-midterm,,repository,https://bitbucket.org/vaghelaj/3d-midterm.git,,,3D
faizakbar/3d-nesting,,repository,https://bitbucket.org/faizakbar/3d-nesting.git,,,3D
tkusmierczyk/3d-nuclei-images-analysis,,repository,https://bitbucket.org/tkusmierczyk/3d-nuclei-images-analysis.git,,,3D
andreliu507/master-thesis-3d-modelling-and-shaders-debugging,,repository,https://bitbucket.org/andreliu507/master-thesis-3d-modelling-and-shaders-debugging.git,,tex,3D
WarringtonSeale/pi_est_monte_carlo_3d,,repository,https://bitbucket.org/WarringtonSeale/pi_est_monte_carlo_3d.git,,,3D
lryan13/wou-3d-scanner,,repository,https://bitbucket.org/lryan13/wou-3d-scanner.git,,,3D
anujdutt9/3d-binaural-audio,,repository,https://bitbucket.org/anujdutt9/3d-binaural-audio.git,,,3D
TwixKitty/cool_3d,,repository,https://bitbucket.org/TwixKitty/cool_3d.git,,,3D
peterkaram/3d_shapegeneratorv2,,repository,https://bitbucket.org/peterkaram/3d_shapegeneratorv2.git,,,3D
nate_lee/elfinos_3d_dimf_2019,,repository,https://bitbucket.org/nate_lee/elfinos_3d_dimf_2019.git,,,3D
junjie_wu/3d-animation,,repository,https://bitbucket.org/junjie_wu/3d-animation.git,,,3D
Ayysc/3d-voxel-terran,None,repository,https://bitbucket.org/Ayysc/3d-voxel-terran.git,,,3D
RalphSutherland/3d-printermkii,350x350 self leveling heated self-aligning cartesian printer,repository,https://bitbucket.org/RalphSutherland/3d-printermkii.git,,other,3D
memsyi/unity-3d-game,,repository,https://bitbucket.org/memsyi/unity-3d-game.git,,c#,3D
RalphSutherland/3d-printermki,Modied self-leveling heated cartesian 240x240 printer,repository,https://bitbucket.org/RalphSutherland/3d-printermki.git,,other,3D
rave47/javafx_3d_final,,repository,https://bitbucket.org/rave47/javafx_3d_final.git,,,3D
robot-learning/asm_seq_plan_3d,,repository,https://bitbucket.org/robot-learning/asm_seq_plan_3d.git,,c++,3D
happyuser/3d_slicer,,repository,https://bitbucket.org/happyuser/3d_slicer.git,,c++,3D
cybulski_m/hangman-v2-3d,,repository,https://bitbucket.org/cybulski_m/hangman-v2-3d.git,,,3D
rainbow21/wolfenstein-3d,idSoftware from GitHub. Browser version,repository,https://bitbucket.org/rainbow21/wolfenstein-3d.git,,javascript,3D
DuffyR/3d-game-development-individual-ca,,repository,https://bitbucket.org/DuffyR/3d-game-development-individual-ca.git,,,3D
MatthewZelenko/swinburne-3d-character-modelling,,repository,https://bitbucket.org/MatthewZelenko/swinburne-3d-character-modelling.git,,,3D
pigiipanku/3d-tao-zou-gemu-jia,,repository,https://bitbucket.org/pigiipanku/3d-tao-zou-gemu-jia.git,,,3D
JHJS140901/kit_3d-scifi,,repository,https://bitbucket.org/JHJS140901/kit_3d-scifi.git,,,3D
wrushabh/3d_ml_reconstruction,,repository,https://bitbucket.org/wrushabh/3d_ml_reconstruction.git,,,3D
StabenDev/wou-3d-scanner,A fork for the laser code,repository,https://bitbucket.org/StabenDev/wou-3d-scanner.git,,,3D
ckanakadas/test-3d,,repository,https://bitbucket.org/ckanakadas/test-3d.git,,,3D
javergara58/impresion-3d,,repository,https://bitbucket.org/javergara58/impresion-3d.git,,html/css,3D
nutiteq/sdk_3d_android,Legacy Nutiteq SDK 2.x sources,repository,https://bitbucket.org/nutiteq/sdk_3d_android.git,,java,3D
benkeirl1/3d-tests,,repository,https://bitbucket.org/benkeirl1/3d-tests.git,,,3D
omarzarifi/solidfluid_3d,"Implementation of the solid-fluid coupling technique proposed in ""A Positive-Definite Cut-Cell Method for Strong Two-Way Coupling Between Fluids and Deformable Bodies"".",repository,https://bitbucket.org/omarzarifi/solidfluid_3d.git,,c++,3D
dt1000/tcid_3d,The Captain is Dead - 3DS Max Files,repository,https://bitbucket.org/dt1000/tcid_3d.git,,,3D
zSkilleeed/paintball-3d,,repository,https://bitbucket.org/zSkilleeed/paintball-3d.git,,,3D
brandneo/grip-3d,,repository,https://bitbucket.org/brandneo/grip-3d.git,,,3D
rashed_karim/simple-thresholder-for-3d-surface-meshes,,repository,https://bitbucket.org/rashed_karim/simple-thresholder-for-3d-surface-meshes.git,,,3D
Luigi_5847/modelado-y-texturizado-3d_ii_luis-mayard-paul,,repository,https://bitbucket.org/Luigi_5847/modelado-y-texturizado-3d_ii_luis-mayard-paul.git,,,3D
artemplohenko/3d_cub,,repository,https://bitbucket.org/artemplohenko/3d_cub.git,,html/css,3D
T_bourke/games-first-game-3d,,repository,https://bitbucket.org/T_bourke/games-first-game-3d.git,,c++,3D
haseebuchiha/3d-haptic-eyes,,repository,https://bitbucket.org/haseebuchiha/3d-haptic-eyes.git,,,3D
ellilgrey/burger_john-lemons-haunted-jaunt-3d-beginner,,repository,https://bitbucket.org/ellilgrey/burger_john-lemons-haunted-jaunt-3d-beginner.git,,,3D
mrsmindresearchsystemsgmbh/zurich-3d-in-the-matrix,,repository,https://bitbucket.org/mrsmindresearchsystemsgmbh/zurich-3d-in-the-matrix.git,,,3D
nairinarinyan/3d-preview-poc,,repository,https://bitbucket.org/nairinarinyan/3d-preview-poc.git,,,3D
isidian/draw_3d_domains,,repository,https://bitbucket.org/isidian/draw_3d_domains.git,,,3D
vgl_iisc/mscomplex-3d-cuda,Parallel MS Complex Computation,repository,https://bitbucket.org/vgl_iisc/mscomplex-3d-cuda.git,,,3D
burfdevelopment/android-3d-splitscreen,A small demo based off https://github.com/sebastianherp/riftlibrary (Oculus Rift),repository,https://bitbucket.org/burfdevelopment/android-3d-splitscreen.git,,,3D
PragneshCitrusbug/3d-force-graph,,repository,https://bitbucket.org/PragneshCitrusbug/3d-force-graph.git,,,3D
amahta/3d_viewer,,repository,https://bitbucket.org/amahta/3d_viewer.git,,c++,3D
neogeek/unity-class-3d-character-motion,,repository,https://bitbucket.org/neogeek/unity-class-3d-character-motion.git,,,3D
eLOPy/realtime-3d-discretevscontinuous,,repository,https://bitbucket.org/eLOPy/realtime-3d-discretevscontinuous.git,,,3D
dinamicoplus/3d-models,,repository,https://bitbucket.org/dinamicoplus/3d-models.git,,,3D
anjeonghu/node-server-maxst-3d-builder,,repository,https://bitbucket.org/anjeonghu/node-server-maxst-3d-builder.git,,,3D
CarlosHerdocia/cubos-3d-con-ordenamiento-de-insercion,,repository,https://bitbucket.org/CarlosHerdocia/cubos-3d-con-ordenamiento-de-insercion.git,,,3D
saumilshah/3d-cubes,,repository,https://bitbucket.org/saumilshah/3d-cubes.git,,,3D
Iankill/svl-3d,,repository,https://bitbucket.org/Iankill/svl-3d.git,,,3D
hpassmore13/wou-3d-scanner,Class scanner,repository,https://bitbucket.org/hpassmore13/wou-3d-scanner.git,,,3D
WilliamRogers/knn_3d_faces,,repository,https://bitbucket.org/WilliamRogers/knn_3d_faces.git,,python,3D
efril/color-world-3d,,repository,https://bitbucket.org/efril/color-world-3d.git,,,3D
petoc96/3d-uml,,repository,https://bitbucket.org/petoc96/3d-uml.git,,,3D
VFX3D/vfx-3d-animation-course,,repository,https://bitbucket.org/VFX3D/vfx-3d-animation-course.git,,,3D
pelayo/unity-3d-facetracking,,repository,https://bitbucket.org/pelayo/unity-3d-facetracking.git,,,3D
zitrnik/3d-proj2,,repository,https://bitbucket.org/zitrnik/3d-proj2.git,,,3D
Dundur/color-cups-3d,,repository,https://bitbucket.org/Dundur/color-cups-3d.git,,,3D
FuriouZz/texture-3d,,repository,https://bitbucket.org/FuriouZz/texture-3d.git,,,3D
indpgamesandapps/hd_3d,,repository,https://bitbucket.org/indpgamesandapps/hd_3d.git,,,3D
everistus/tic-tac-toe-3d,,repository,https://bitbucket.org/everistus/tic-tac-toe-3d.git,,,3D
WGGSH/3d_bullet,,repository,https://bitbucket.org/WGGSH/3d_bullet.git,,c++,3D
imranmq/fyp-3d-jumble-word,,repository,https://bitbucket.org/imranmq/fyp-3d-jumble-word.git,,,3D
wentingting/3d_backstage,,repository,https://bitbucket.org/wentingting/3d_backstage.git,,,3D
cse5423dmap/3d_tracking,Project for CSE 542 summer. ,repository,https://bitbucket.org/cse5423dmap/3d_tracking.git,,python,3D
GrimZero/3d-world,,repository,https://bitbucket.org/GrimZero/3d-world.git,,unityscript,3D
marcinkevicius/jetson_3d_out,Concatenates and encodes stereo stream from sci cameras and sends row h265 data straight to video server,repository,https://bitbucket.org/marcinkevicius/jetson_3d_out.git,,c++,3D
ctassi/3d-tetris,FII Final Project.,repository,https://bitbucket.org/ctassi/3d-tetris.git,,c++,3D
PrivalovPavel/3d_viewer,,repository,https://bitbucket.org/PrivalovPavel/3d_viewer.git,,,3D
Tocs98/pinball-3d,,repository,https://bitbucket.org/Tocs98/pinball-3d.git,,,3D
xandepozzi/soletrando-unity-3d,,repository,https://bitbucket.org/xandepozzi/soletrando-unity-3d.git,,,3D
vviswamu/3d-models,,repository,https://bitbucket.org/vviswamu/3d-models.git,,,3D
DoctorManhattan/entornos-3d,,repository,https://bitbucket.org/DoctorManhattan/entornos-3d.git,,,3D
51200599/tank_3d,ass last hit,repository,https://bitbucket.org/51200599/tank_3d.git,,,3D
azitouni/interactive-3d-flyover-scene,,repository,https://bitbucket.org/azitouni/interactive-3d-flyover-scene.git,,c,3D
metterrothan/imacman_3d,,repository,https://bitbucket.org/metterrothan/imacman_3d.git,,c++,3D
JordanDowd/3d-individual-engine,,repository,https://bitbucket.org/JordanDowd/3d-individual-engine.git,,,3D
hongsunhag/websocket-3d,D3.js Library for Plotting Data with Node.js for Embedded Systems D3 is a Javascript library written by Michael Bostock to visualize dada in a web browser. D3 stands for Data-Driven-Documents.,repository,https://bitbucket.org/hongsunhag/websocket-3d.git,,javascript,3D
w4pity/3d_iso_lua,,repository,https://bitbucket.org/w4pity/3d_iso_lua.git,,,3D
RossKyle/3d-visualiser,,repository,https://bitbucket.org/RossKyle/3d-visualiser.git,,c++,3D
sandymar/unity_3d_p1_gbu,,repository,https://bitbucket.org/sandymar/unity_3d_p1_gbu.git,,,3D
denemmy/3d-face-reconstruction,,repository,https://bitbucket.org/denemmy/3d-face-reconstruction.git,,python,3D
YuryKuvetski/3d-converter,–ö–æ–Ω–≤–µ—Ä—Ç–∏—Ä—É–µ–º obj —Ñ–∞–π–ª—ã –≤ —Å–≤–æ–π —Ñ–æ—Ä–º–∞—Ç (–±–∏–Ω–∞—Ä–Ω—ã–π –∏ —Ç–µ–∫—Å—Ç–æ–≤—ã–π) –∏ –æ–±—Ä–∞—Ç–Ω–æ.,repository,https://bitbucket.org/YuryKuvetski/3d-converter.git,,c++,3D
bzantvoort/3d-game,TCG FPS/TPS,repository,https://bitbucket.org/bzantvoort/3d-game.git,,c#,3D
sugimoto0725/3d_point_transform,,repository,https://bitbucket.org/sugimoto0725/3d_point_transform.git,,,3D
AdrianArroyoCalle/bloco-3d,,repository,https://bitbucket.org/AdrianArroyoCalle/bloco-3d.git,,javascript,3D
pp5x/3d-cube-pygame,,repository,https://bitbucket.org/pp5x/3d-cube-pygame.git,,python,3D
SkyWessProjects/isometric-3d-concept,,repository,https://bitbucket.org/SkyWessProjects/isometric-3d-concept.git,,,3D
munyoung1/open-3d-viewer,,repository,https://bitbucket.org/munyoung1/open-3d-viewer.git,,,3D
MonstersGoBoom/3d-obj-converter-for-tic80-demo,converted for .OBJ files to my format for #tic-80 built on top of this https://github.com/karai17/lua-obj,repository,https://bitbucket.org/MonstersGoBoom/3d-obj-converter-for-tic80-demo.git,,lua,3D
LucasRuy/multiplus-carousel-3d,,repository,https://bitbucket.org/LucasRuy/multiplus-carousel-3d.git,,,3D
corvo42/entorno-de-desarrollo-3d,,repository,https://bitbucket.org/corvo42/entorno-de-desarrollo-3d.git,,,3D
Nepenthesx/tower-defense-3d,,repository,https://bitbucket.org/Nepenthesx/tower-defense-3d.git,,,3D
xmalinov-poftfolio/nescafe-3d-island,,repository,https://bitbucket.org/xmalinov-poftfolio/nescafe-3d-island.git,,,3D
WanderingFrostWizard/sem4-real_time_rendering-ass2-3d-sinewave-using-shaders,Realtime Rendering Assignment 2 Task was to complete a project using shaders (vertex and fragment) and compare the performance benefits,repository,https://bitbucket.org/WanderingFrostWizard/sem4-real_time_rendering-ass2-3d-sinewave-using-shaders.git,,c,3D
aidan_mccarthy/3d-maze-unity,,repository,https://bitbucket.org/aidan_mccarthy/3d-maze-unity.git,,objective-c,3D
werty12121/3d_game_engine,,repository,https://bitbucket.org/werty12121/3d_game_engine.git,,javascript,3D
ayaalbakri/core-3d-project,,repository,https://bitbucket.org/ayaalbakri/core-3d-project.git,,,3D
hahuyen/cube-3d,,repository,https://bitbucket.org/hahuyen/cube-3d.git,,,3D
yano_haruki/3d_growth,,repository,https://bitbucket.org/yano_haruki/3d_growth.git,,,3D
Sonjon/pov-ray-3d-scene,Prace z POV-RAY Scene Description Language,repository,https://bitbucket.org/Sonjon/pov-ray-3d-scene.git,,,3D
tridevent/cursos-unity-3d,,repository,https://bitbucket.org/tridevent/cursos-unity-3d.git,,,3D
enjrolas/3d-painter,,repository,https://bitbucket.org/enjrolas/3d-painter.git,,,3D
sandymar/unity_3d_gbu_courcework,,repository,https://bitbucket.org/sandymar/unity_3d_gbu_courcework.git,,,3D
pvoptiray/umep-3d,"Forking as discussed. Using Solweig and SEBE and adopt those to our (AIT, BOKU) requirements. Adding additional plugins on demand.",repository,https://bitbucket.org/pvoptiray/umep-3d.git,,python,3D
igorvich/pool-3d,"Project for school where we made a pool game to play, but in this version you play as the white ball.",repository,https://bitbucket.org/igorvich/pool-3d.git,,,3D
kriskirov/3d-maths-volume-1,,repository,https://bitbucket.org/kriskirov/3d-maths-volume-1.git,,c++,3D
stefanwm/3d-viewerbuilder2,,repository,https://bitbucket.org/stefanwm/3d-viewerbuilder2.git,,,3D
uheartbeast/3d-platformer,,repository,https://bitbucket.org/uheartbeast/3d-platformer.git,,,3D
spalarte/grapic-3d-dragon,,repository,https://bitbucket.org/spalarte/grapic-3d-dragon.git,,c++,3D
jfgenest/3d-engine,,repository,https://bitbucket.org/jfgenest/3d-engine.git,,,3D
ab129265/3d-models,,repository,https://bitbucket.org/ab129265/3d-models.git,,,3D
_J_kh_/3d_image_registeration,,repository,https://bitbucket.org/_J_kh_/3d_image_registeration.git,,,3D
phalcon_projects/augmented_3d,,repository,https://bitbucket.org/phalcon_projects/augmented_3d.git,,,3D
istvan_hunor/lacika_3d,,repository,https://bitbucket.org/istvan_hunor/lacika_3d.git,,,3D
KruxZhlajfa/masters-thesis-fitts-study-in-3d-space,,repository,https://bitbucket.org/KruxZhlajfa/masters-thesis-fitts-study-in-3d-space.git,,unityscript,3D
anparu/3d-pose-estimation-for-low-power-embedded-devices,,repository,https://bitbucket.org/anparu/3d-pose-estimation-for-low-power-embedded-devices.git,,,3D
3dhomedesigns/interactive-3d-home-designs,,repository,https://bitbucket.org/3dhomedesigns/interactive-3d-home-designs.git,,,3D
elliottslaughter/blackthorn-engine-3d,,repository,https://bitbucket.org/elliottslaughter/blackthorn-engine-3d.git,,,3D
RobertDaehne/2d_3d_assets_rd,,repository,https://bitbucket.org/RobertDaehne/2d_3d_assets_rd.git,,,3D
eirenaios/css-only-3d-card-flip-hover-effect,"This is my first project about this effect, I've found the others over-complicated. Many other tutorials add additional styles to code samples which then require the reader to decipher which are needed and which aren't. This project avoids that issue, providing you only the necessary styles; you can pretty up each side of the flip any way you'd like.",repository,https://bitbucket.org/eirenaios/css-only-3d-card-flip-hover-effect.git,,,3D
eomar/rl_3d_master_thesis,,repository,https://bitbucket.org/eomar/rl_3d_master_thesis.git,,,3D
DejaVuMan/3d_render,,repository,https://bitbucket.org/DejaVuMan/3d_render.git,,,3D
Morqan/3d-button,,repository,https://bitbucket.org/Morqan/3d-button.git,,,3D
rstrahm/3d-page,"Aprendizaje del WebGL utilizando three,js",repository,https://bitbucket.org/rstrahm/3d-page.git,,javascript,3D
medtrix-unity-developers/ami-3d-anatomy-app,,repository,https://bitbucket.org/medtrix-unity-developers/ami-3d-anatomy-app.git,,,3D
kalafutj/3d,,repository,https://bitbucket.org/kalafutj/3d.git,,,3D
MartinCarlsson11/3d-engine,,repository,https://bitbucket.org/MartinCarlsson11/3d-engine.git,,,3D
TheG0dButcher/haunted_house_3d,Graphics Project,repository,https://bitbucket.org/TheG0dButcher/haunted_house_3d.git,,,3D
jrichels/3d_pongbreaker,,repository,https://bitbucket.org/jrichels/3d_pongbreaker.git,,python,3D
Johnathan-B/project-operation-pi-tango-doom-3d,,repository,https://bitbucket.org/Johnathan-B/project-operation-pi-tango-doom-3d.git,,,3D
pppprojects/3d-game-in-panda3d,,repository,https://bitbucket.org/pppprojects/3d-game-in-panda3d.git,,,3D
aaroncarsonart/wou-3d-scanner,,repository,https://bitbucket.org/aaroncarsonart/wou-3d-scanner.git,,,3D
darkowl91/3d-modeling,,repository,https://bitbucket.org/darkowl91/3d-modeling.git,,,3D
qualitas_neeta/fruits-vs-veggies-3d-runner,,repository,https://bitbucket.org/qualitas_neeta/fruits-vs-veggies-3d-runner.git,,,3D
RusanStjepan/3d-racunalna-igra-fps-koristenje-platforme-unity-i-oculus-rift,,repository,https://bitbucket.org/RusanStjepan/3d-racunalna-igra-fps-koristenje-platforme-unity-i-oculus-rift.git,,c#,3D
Rakiah/rakiah-3d-project-example,,repository,https://bitbucket.org/Rakiah/rakiah-3d-project-example.git,,c,3D
iclykofte/3d_transformations,,repository,https://bitbucket.org/iclykofte/3d_transformations.git,,python,3D
jablub/wham_gpu_alanine_dipeptide_3d,,repository,https://bitbucket.org/jablub/wham_gpu_alanine_dipeptide_3d.git,,,3D
