,Description,Category,Submitted,Meta_Url,Related APIs,Categories,URL,Company,App Type
0,Hangman game for Flickr tags. Guess all the letters of a tag and see 4 photos.,Photos,10.15.2006,https://www.programmableweb.com/mashup/flickr-tagman,Flickr,"Photos, Games",http://www.apogee-web-consulting.com/cgi-bin/tagman_flickr.pl,,
1,"Create time-based subtitles for any YouTube video, a la closed captioning. These captions become publicly accessible, and visitors to the site can browse the set of videos with captions. Think of it as a subtitle graffiti wall for YouTube.",Video,10.15.2006,https://www.programmableweb.com/mashup/reviewtube,YouTube,Video,http://joeberkovitz.com/reviewtube/,,
2,"Share MusicMobs or Last.fm playlists in Rhapsody. Uses XSPF, XML Shareable Playlists Format for playlist integration. This links to MusicMob blog post with examples.",Music,10.15.2006,https://www.programmableweb.com/mashup/shareable-music-playlists,"Last.fm, Rhapsody, MusicMobs",Music,http://musicmobs.wordpress.com/2006/08/24/playing-xspfs-in-rhapsody-rest-api/,,
3,"Maps US IT contract jobs matching keywords. Search companies, rate companies, view company ratings, save searches, save jobs, attach notes to saved jobs, and add private jobs.",Jobs,10.13.2006,https://www.programmableweb.com/mashup/map-my-jobs,Google Maps,"Jobs, Mapping, Search",http://www.mapmyjobs.com,,
4,"Like TinyUrl.com but for Google Maps, for example http//useamap.com/lotto . You select the tag name. One click to create a map. No login needed. Free. Just launched on 9th October.",Mapping,10.13.2006,https://www.programmableweb.com/mashup/useamap,Google Maps,"Mapping, Tools",http://useamap.com,,
5,"Great for runners, hikers, bicyclist and anyone else interested in how far they ran, walked, biked, or traveled. Map, save, find, and share your routes.",Mapping,10.13.2006,https://www.programmableweb.com/mashup/geodistance,Google Maps,"Mapping, Sports",http://www.geodistance.com,,
6,Map of the Top 10 paid women as reported by Fortune Magazine.,Financial,10.13.2006,https://www.programmableweb.com/mashup/top-10-paid-women,Google Maps,"Financial, Jobs, Mapping",http://www.mibazaar.com/top10paidwomen/,,
7,"Search for slang definitions on Urban Dictionary using your mobile phone. Use SMS, WAP and Email. You can also use IM clients like Yahoo, MSN and AOL.",Language,10.12.2006,https://www.programmableweb.com/mashup/mobile-search-urban-dictionary,"UrbanDictionary, 411Sync","Language, Dictionary, Search, Mobile, Messaging",http://www.411sync.com/cgi-bin/search_api?query=urbandict%20beast%20mode,,
8,"A mashup site where you can leave your digital footprints that are of emotional value to you. You can post photos and videos by form upload, email or MMS.",Mapping,10.12.2006,https://www.programmableweb.com/mashup/emotionalfootprints,Google Maps,"Mapping, Blogging, Photos",http://www.emotionalfootprints.com,,
9,"Genuinely useful mashup that can help you determine if you are paying too much in rent. Enter an address, apartment size, and rent. It maps nearby units and shows a meter of your price versus min, max and average.",Mapping,10.12.2006,https://www.programmableweb.com/mashup/rentometer,Google Maps,"Mapping, Real Estate",http://www.rentometer.com,,
10,JobNeters contains a Google Map with jobs based on their cities.,Jobs,10.11.2006,https://www.programmableweb.com/mashup/jobneters,Google Maps,"Jobs, Mapping, England",http://www.jobneters.com,,
11,Searches Google Base and maps vehicle classifieds.,Auto,10.11.2006,https://www.programmableweb.com/mashup/find-convertible-car,"Google Maps, Google Base","Auto, eCommerce, Mapping",http://findaconvertiblecar.com,,
12,Mashup that helps you discover and share GPS tracks and waypoints on the web quickly and easily.,Mapping,10.11.2006,https://www.programmableweb.com/mashup/wikiloc,Google Maps,"Mapping, Recreation, Mapping",http://www.wikiloc.com/wikiloc/home.do,,
13,"Mashup of Local Halloween Events. Google Maps, Yahoo News, Yahoo Local, Flickr, Upcoming, HostIP.",Holidays,10.11.2006,https://www.programmableweb.com/mashup/halloween-mashup,"Flickr, Upcoming.org, Google Maps, hostip.info, Yahoo Local Search","Holidays, Photos, News Services",http://www.halloweenmashup.com/,,
14,Simple Amazon search interface that filters items to show only things eligible for Amazon Prime free shipping.,Shipping,10.10.2006,https://www.programmableweb.com/mashup/amazon-prime-search,Amazon Product Advertising,"Shipping, eCommerce",http://bigscreenprices.com/amazonprime.html,,
15,A mapping tool for property managers that they can add to their site.,Mapping,10.10.2006,https://www.programmableweb.com/mashup/mapvine-property-management,Google Maps,"Mapping, Real Estate",http://www.rentvine.com/map/,,
16,Using Google Maps API plus Google KML API to render my blog in a Geo context.,Mapping,10.09.2006,https://www.programmableweb.com/mashup/geo-blog,Google Maps,"Mapping, Blogging",http://blogs.rave.ac.uk/blojsom/blog/aburt/?flavor=gmaps,,
17,"Discounts and rewards from a wide range of programs including AAA, AARP, Upromise, Ebates, Amex, Visa, Delta SkyMiles, American AAdvantage and more mashed up to a comparison shopping API.",eCommerce,10.09.2006,https://www.programmableweb.com/mashup/dealmine.com,"FeedBurner, Shopping.com","eCommerce, Rewards, Travel, Mobile",http://www.dealmine.com,,
18,Recommendation engine that uses YouTube as a source for videos.,Movies,10.09.2006,https://www.programmableweb.com/mashup/criteo,YouTube,"Movies, Video",http://www.criteo.com,,
19,Google Maps mashup of the Detroit Tigers players and where they are from. Popups include photos and links to detailed stats.,Sports,10.07.2006,https://www.programmableweb.com/mashup/detroit-tigers-map,Google Maps,"Sports, Sports, Mapping",http://www.mibazaar.com/detroittigers/,,
20,Shopwiki helps users find the best deals on the internet. Search for products on the go from your cell phone using SMS and WAP. Simply use the keyword shopwiki and get the best deals online.,eCommerce,10.06.2006,https://www.programmableweb.com/mashup/shopwiki-to-go,411Sync,"eCommerce, Mobile, Messaging",http://www.411sync.com/cgi-bin/search_api?query=shopwiki%20nikon%20slr,,
21,"Plot, save and share running routes.",Sports,10.06.2006,https://www.programmableweb.com/mashup/run-finder,Google Maps,"Sports, Mapping",http://www.runfinder.co.uk,,
22,Japanese mashup combining videos and Google Maps.,Japanese,10.06.2006,https://www.programmableweb.com/mashup/video-maps-japan,Google Maps,"Japanese, Mapping, Video",http://mooom.jp/map/,,
23,A real time map of where an eBay seller has shipped items. The map provides credibility to small online sellers and gives potential buyers a sense that the seller has conducted business in their geography.,Auctions,10.05.2006,https://www.programmableweb.com/mashup/mystoremaps,eBay,"Auctions, eCommerce, Mapping",http://www.MyStoreMaps.com,,
24,MyStoreRewards integrates with the eBay and PayPal API to deliver a turn-key buyer reward program.,eCommerce,10.05.2006,https://www.programmableweb.com/mashup/mystorerewards,"PayPal, eBay","eCommerce, Auctions",http://www.mystorerewards.com/msr/index.htm,,
25,Create personalized T-Shirts with your own coded messages.,eCommerce,10.05.2006,https://www.programmableweb.com/mashup/cogteeth.com,Zazzle,"eCommerce, Customization",http://cogteeth.com,,
26,A Google Maps and Hellenic National Tourist Organization mashup with information about mountain refuges in Greece. With links to tourist site details.,Mapping,10.04.2006,https://www.programmableweb.com/mashup/mountain-refuges-greece,Google Maps,"Mapping, Travel, Sports, Greek",http://www.freewebs.com/katafigia/index_en.htm,,
27,"Music mashup that allows searching of data from Amazon, news from Yahoo, and blogs via Technorati.",Blogging,10.04.2006,https://www.programmableweb.com/mashup/musiclovr,"Flickr, Technorati, Amazon Product Advertising, YouTube, Yahoo Video Search, Yahoo Image Search","Blogging, Music, eCommerce, News Services",http://www.musiclovr.com,,
28,"Dagbladet.no uses Google Maps, global geocoding, ajax and global geocoded weather forecast for this experimental weather service.",Weather,10.04.2006,https://www.programmableweb.com/mashup/global-weather-service,Google Maps,"Weather, Mapping",http://www.dagbladet.no/vaer/,,
29,"Search for activities, things to do, recommended eating and cheap lodging for any city in the US. Search from your WAP capable phone.",Travel,10.03.2006,https://www.programmableweb.com/mashup/411sync-travel,411Sync,"Travel, Mobile, Messaging",http://www.411sync.com/cgi-bin/travel.pl,,
30,"The Amazon API and RSSBus combined to create a wishlist widget. With this widget, not only will people buy you things, but you can get paid when they do.",eCommerce,10.03.2006,https://www.programmableweb.com/mashup/amzwish,Amazon Product Advertising,"eCommerce, Lists, Blogging",http://www.widgetbox.com/widget/AmzWish,,
31,GIS Jobs Clearinghouse and Google Maps comes together in GIS Jobs Listing Map. This map was developed by terra IMS in collaboration with the GIS Jobs Clearinghouse. Terra IMS geocodes job listings and displays them on a Google Map.,Jobs,10.03.2006,https://www.programmableweb.com/mashup/gis-jobs-map,Google Maps,"Jobs, Mapping",http://www.gjc.org/map.html,,
32,The latest web buzz on Premiership football.,News Services,10.03.2006,https://www.programmableweb.com/mashup/squadinfo.com,ClearForest Semantic Web Services1,"News Services, Video, Sports, Sports, Photos, England",http://squadinfo.com,,
33,"A map mashup for the Gold Coast of Queensland Australia, showing accommodation and attractions. Simple application using custom icons, single xml file, selectable grouping. Aims are to build the map content via user submission to the forum on the site.",Australian,10.03.2006,https://www.programmableweb.com/mashup/gold-coast-map,Google Maps,"Australian, Travel, Mapping",http://www.goldcoastchat.com.au/maps/,,
34,"Uses Google to find out how popular and sexy celebrities are, and shows images from Yahoo Image Search API. Finds celebrities which are similar in popularity and sexiness. Warning: not always safe for work.",Celebrities,10.02.2006,https://www.programmableweb.com/mashup/celebrity-ranker,"Google Search, Yahoo Image Search","Celebrities, Photos, Search",http://www.gpeters.com/celeb/celebrity-ranker.php,,
35,"The Sky Clock shows what is happening along the ecliptic in the sky over your head right now. Specifically, it shows you where to find the Sun, the Moon, the five planets visible to the naked eye, and four bright stars that happen to travel near them.",Astronomy,10.02.2006,https://www.programmableweb.com/mashup/sky-clock,,"Astronomy, Reference, Science",http://www.starchamber.com/skyclock/,,
36,"Event tickets website. Can view eBay listings on interactive seating maps, and have events that you cannot attend flagged via the Google Calendar API.",Events,10.02.2006,https://www.programmableweb.com/mashup/seatsnapper,"eBay, Google Calendar, Google Base","Events, Sports",http://www.seatsnapper.com,,
37,Local search resource for travellers. Enter your location and type of business or address. Covers wide variety of locations.,Mapping,10.01.2006,https://www.programmableweb.com/mashup/boomtrek,Google Maps,"Mapping, Travel, Search",http://www.boomtrek.com,,
38,Official Yahoo Map widget for Yahoo Widgets.,Widgets,09.30.2006,https://www.programmableweb.com/mashup/yahoo-maps-widget,"Yahoo Maps, Yahoo Widgets","Widgets, Mapping",http://widgets.yahoo.com/widgets/yahoo-maps,,
39,"A combination of ""Hot or Not"" with funny dance videos.",Video,09.30.2006,https://www.programmableweb.com/mashup/we-cant-dance,YouTube,"Video, Sports, Humor",http://wecantdance.com/,,
40,Forbes list of the most Trusted Celebrieties in American. Mapped with links to Google Videos.,Mapping,09.29.2006,https://www.programmableweb.com/mashup/most-trusted-celebrities,Google Maps,"Mapping, Video, Celebrities, Movies",http://www.mibazaar.com/2006/09/10-most-trusted-celebrities-in-america.html,,
41,See the Forbes Magazine list of the Drunkest Cities in America mapped.,Mapping,09.29.2006,https://www.programmableweb.com/mashup/drunkest-cities-america,Google Maps,"Mapping, Food, Bars",http://www.mibazaar.com/2006/09/americas-drunkest-cities-on-google.html,,
42,"RinkAtlas provides door-to-door directions to ice rinks in North America. The database currently includes over 1,800 ice hockey and figure skating facilities in the 50 U.S. states and Puerto Rico. Rinks in Canada will be added in the future.",Mapping,09.29.2006,https://www.programmableweb.com/mashup/rinkatlas,Google Maps,"Mapping, Search, Sports, Sports",http://www.rinkatlas.com/,,
43,This features the ecological datasets of the Partnership for Interdisciplinary Studies of Coastal Oceans. Users can pick an organism and see its distribution and abundance. Users can also view survey site metadata and species lists.,Science,09.29.2006,https://www.programmableweb.com/mashup/pisco-ecological-data-products-map,Google Maps,"Science, Mapping, Environment",http://www.piscoweb.org/data/access-and-applications,,
44,"This mashup uses the Amazon API to give reviews and ratings on thousands of products organized into handy categories ranging from computers, electronics and home goods.",eCommerce,09.27.2006,https://www.programmableweb.com/mashup/mr.-rebates-product-research,Amazon Product Advertising,"eCommerce, Search",http://www.mrrebates.com/,,
45,"Database with dive centers, dive boats, dive shops around the world.",Sports,09.27.2006,https://www.programmableweb.com/mashup/divecenters.net,Google Maps,"Sports, Travel, Sports, Mapping",http://www.dive-centers.net/,,
46,Maps all of the timeshare resorts in Orlando with their contact details.,Mapping,09.27.2006,https://www.programmableweb.com/mashup/orlando-timeshares-map,Google Maps,"Mapping, Real Estate",http://www.orlandotimeshareguide.com/resorts-map/,,
47,"Ask Vox is a community question and answer website, where users teach Vox, the website character, to answer questions with voice.",Q&A,09.26.2006,https://www.programmableweb.com/mashup/ask-vox,Yahoo Answers,"Q&amp;A, Reference",http://www.askvox.com,,
48,"Contextualizing and situating the list of prisons and the human rights abuses in Tunisia. Mashup of database data with Google Maps, YouTube, Flash animations and Yahoo Q Beta search.",Video,09.26.2006,https://www.programmableweb.com/mashup/tunisian-prison-map,"Google Maps, YouTube","Video, Government, Mapping",http://nawaat.org/tunisianprisonersmap/,,
49,"Ever found yourself listening to a song in a restaurant or a club or at any place and don not have access to a PC. You can find out details of the song right away. SMS a few words from the track and we will get back with track, album and artist.",Music,09.26.2006,https://www.programmableweb.com/mashup/search-rhapsody-phone,"411Sync, Rhapsody","Music, Messaging, Search, Mobile",http://www.411sync.com/cgi-bin/search_api?query=rhapsody%20i%20believe%20in%20miracles,,
50,"GuruLib is an attempt to help organize home libraries. GuruLib fetches all cataloging information such as author and actor list, synopsis, genre, front cover etc. Either via Amazon database or from over 530 public or university libraries around the world.",Library,09.25.2006,https://www.programmableweb.com/mashup/gurulib,Amazon Product Advertising,"Library, Video, Books",http://www.gurulib.com,,
51,Earth Album is a google maps and YouTube mash-up that allows you to tour the videospace of the world via YouTube tags.,Mapping,09.24.2006,https://www.programmableweb.com/mashup/youtube-earth-album,"Google Maps, YouTube","Mapping, Video",http://www.earthalbum.com/youtube,,
52,"An education search tool which enables you to search by: Location, Career, Industry/Salary and provides personalized searches to save for future reference.
Utilizes Flickr, Google Maps and YouTube.",Mapping,09.24.2006,https://www.programmableweb.com/mashup/educationsearch.net,"Flickr, Google Maps, YouTube","Mapping, Education, Search, Education, Photos, Video",http://EducationSearch.Net,,
53,Scenes From the City is a great mashup. Find the locations of iconic Made in NY films with the Yahoo Map made for the 40th Anniversary of the Mayors Office of Film. Lots of ways to search including director and scene type.,Celebrities,09.23.2006,https://www.programmableweb.com/mashup/nyc-movie-locations,Yahoo Maps,"Celebrities, TV, Movies, New York City, Mapping",http://www.nyc.gov/html/film/html/anniversary/interactive_map.shtml,,
54,Use maps to locate professionals and vendors to help organize and provide services for a wedding. You can also create a personal Wedding Atlas to share important information about a bridal party.,Weddings,09.22.2006,https://www.programmableweb.com/mashup/great-wedding-network,Google Maps,"Weddings, Mapping",http://www.greatweddingnetwork.com,,
55,Google Gadget that lets you run Google Map searches directly from your Google homepage.,Search,09.22.2006,https://www.programmableweb.com/mashup/google-map-search-gadget,"Google Maps, Google Gadgets","Search, Mapping, Widgets",http://www.google.com/ig/directory?url=www.google.com/ig/modules/mapsearch.xml,,
56,"This web application called the StainedGlass Collage, first detect region of interest in your digital photo and then organize them similar to laying out a stained glass window. It also allow user to download and upload images directly to Flickr site.",Art,09.21.2006,https://www.programmableweb.com/mashup/stainedglass-collage,Flickr,"Art, Photos",http://www.stainedglasscollage.com,,
57,Search San Francisco Bay Area real estate listings on a map. Currently tracking over 36000+ listings in 157 cities in the bay area.,Real Estate,09.21.2006,https://www.programmableweb.com/mashup/property-listing-maps,Google Maps,"Real Estate, Mapping",http://propertylistingmaps.com,,
58,Creative on-demand print service that lets you turn your Flickr photos from virtual content into physical content like all new Mini Cards.,Photos,09.20.2006,https://www.programmableweb.com/mashup/moo-flickr,Flickr,Photos,http://us.moo.com/,,
59,Chinese business mashup for the UK. Around 6000 Chinese businesses listed and mapped.,Chinese,09.19.2006,https://www.programmableweb.com/mashup/total-chinese-uk,Google Maps,"Chinese, Mapping, England",http://www.totalchinese.co.uk,,
60,Find out what major motion pictures are filmed near you. Results are displayed in a Google map. Click on movie names to get movie details or buy it on Amazon.com.,Movies,09.18.2006,https://www.programmableweb.com/mashup/moviemappr,"Amazon Product Advertising, Google Maps, Yahoo Geocoding","Movies, Mapping, Video, Celebrities, Trivia",http://moviemappr.com,,
61,Nice integration of library data like what you have checked-out or are waiting forinto an automatically updating Google Gadget. Initially for Ann Arbor District Library. Talis mashup contest winner.,Widgets,09.18.2006,https://www.programmableweb.com/mashup/go-go-google-gadget,Google Gadgets,"Widgets, Books, Library",http://www.blyberg.net/2006/08/18/go-go-google-gadget/,,
62,"Collection of online maps using Google or Microsoft maps, street level to whole of the continent, including place name and address search, geocoding and link to map service.",Australian,09.17.2006,https://www.programmableweb.com/mashup/maps-australia,"Google Maps, Microsoft Bing Maps","Australian, Mapping, Search, Travel, Weather, Reference",http://www.aus-emaps.com,,
63,"CameraPrices reviews, ratings, prices on 1000s of camera products. Browse the directory to find the best deals and cheapest prices. Check out the blog, polls, news, articles, and photography community for more camera information.",eCommerce,09.16.2006,https://www.programmableweb.com/mashup/camera-prices,Shopping.com,"eCommerce, Photos",http://www.cameraprices.com/,,
64,"See the most talked about videos...currently tracking YouTube, MySpace and Google Video.",Video,09.15.2006,https://www.programmableweb.com/mashup/viral-video-chart,YouTube,"Video, Movies",http://viralvideochart.unrulymedia.com/all,,
65,"Not an exciting mashup but I use four different APIs to deliver fresh, useful, or interesting content to this British Columbia travel site.",Travel,09.15.2006,https://www.programmableweb.com/mashup/sunshine-coast-bc-community-site,"Flickr, Google Maps, Yahoo Search","Travel, Mapping, Canadian, Photos",http://www.suncoastcentral.com/index.asp,,
66,Flash-based interface for searching for Flickr photos and YouTube videos by tag. Initially created by Ted Patrick for an Adobe Flex demo at Mashup University.,Video,09.15.2006,https://www.programmableweb.com/mashup/tagtv,"Flickr, YouTube","Video, Photos",http://www.onflex.org/TagTV/,,
67,"Compare new homes, home designs, builders, land estate, house plans, via Google Maps in Australia.",Australian,09.14.2006,https://www.programmableweb.com/mashup/mypackage-australia,Google Maps,"Australian, Mapping",http://www.mypackage.com.au,,
68,"earth album is a google maps + flickr mash-up that allows you to tour the world visually via top-rated flickr photos. Visit the red houses of Norway, swing through the mountains of China, then fly south to the icy Antarctic, all with a few clicks.",Mapping,09.14.2006,https://www.programmableweb.com/mashup/earth-album,,"Mapping, Photos",http://www.earthalbum.com,,
69,"Texsy automatically underlines product-y phrases on a web page, and creates a mouseover ad with related products and prices. The ad clicks are connected to the Amazon, Ebay and Shopping.com affiliate programs.",Advertising,09.12.2006,https://www.programmableweb.com/mashup/texsy-ads,"Amazon Product Advertising, eBay, Shopping.com","Advertising, eCommerce",http://www.texsy.com,,
70,"deliSearch allows you to do a Yahoo search through a delicious users bookmark collection. Think Rollyo, with search rolls from delicious.",Search,09.12.2006,https://www.programmableweb.com/mashup/delisearch,"del.icio.us, Yahoo Search",Search,http://blogs.open.ac.uk/Maths/ajh59/deliSearch.php,,
71,"Peer-to-peer collaboration engine built on the Skype API that converts mainstream productivity applications such as the Microsoft Office suite from static standalone tools to interactive, collaborative platforms.",Messaging,09.12.2006,https://www.programmableweb.com/mashup/live-documents,,"Messaging, Collaboration",http://www.live-documents.com/,,
72,Rate basketball dunk video clips from YouTube.,Video,09.11.2006,https://www.programmableweb.com/mashup/dunkathon-0,YouTube,"Video, Sports",http://dunkathon.com,,
73,Shows the results of Indeed job search on a Google Map.,Jobs,09.11.2006,https://www.programmableweb.com/mashup/jobmaps,Google Maps,"Jobs, Mapping",http://jobmaps.us/,,
74,This Google Maps transit mashup takes an independent ride-guide for the San Diego Trolley and mashes it up with Google Maps.,Mapping,09.10.2006,https://www.programmableweb.com/mashup/bettertrolley,Google Maps,"Mapping, Transportation",http://www.bettertrolley.com/,,
75,Hotel World Map lets you search and book 60.000 hotels worldwide on an interactive Google Map. From charminging hotels on the Spanish coast to business hotel close to the conference centres.,Travel,09.09.2006,https://www.programmableweb.com/mashup/hotel-world-map,Google Maps,"Travel, Mapping",http://searchmagnified.com/?pid=9PO9AYS2H&dn=hotelworldmap.com&p_bkt=18,,
76,Great visualization of Google and Yahoo search. Type in a search and see a graph connecting the matching results across the search engines.,Visualizations,09.09.2006,https://www.programmableweb.com/mashup/google-vs-yahoo-visualized,"Google Search, Yahoo Search","Visualizations, Search",http://www.langreiter.com/exec/yahoo-vs-google.html,,
77,Search Google and Yahoo at the same time.,Search,09.07.2006,https://www.programmableweb.com/mashup/gahooyoogle,"Google Search, Yahoo Search",Search,http://www.gahooyoogle.com/,,
78,"It's a non-commercial city portal with a Google Mgap of Torun, a beatiful, medieval Polish town.",Mapping,09.05.2006,https://www.programmableweb.com/mashup/info-turin-poland,Google Maps,Mapping,http://infotorun.pl,,
79,"This map shows all UK trains currently on approach to a particular station. Data is fetched from the National Rail website. The yellow pins are stations, the red pins trains. The trains move in approximately real time.",Mapping,09.05.2006,https://www.programmableweb.com/mashup/live-uk-rail-map,Google Maps,"Mapping, England, Transportation",http://traintimes.org.uk/map/,,
80,"Dunkathon is a HotOrNot version of basketball dunking clips. Videos are retrieved by filtering clips from YouTube API and only keep the ones that are relevant to dunking and short in length, 40 sec or less.",Video,09.05.2006,https://www.programmableweb.com/mashup/dunkathon,YouTube,"Video, Sports",http://www.dunkathon.com,,
81,A youtube clone with added ability to download the video source from server to PC.,Video,09.04.2006,https://www.programmableweb.com/mashup/youtubia,YouTube,Video,http://www.youtubia.com/,,
82,Simple tool for adding an interactive store locator mapping to your website,eCommerce,09.04.2006,https://www.programmableweb.com/mashup/blipstar,Google Maps,"eCommerce, Mapping",http://www.blipstar.com/,,
83,A map of contributions to 2006 Massachusetts gubernatorial campaigns. Uses the Google Maps API and data from the Massachusetts Office of Campaign and Political finance. One of the most extensive use of data with layering on Google Maps.,Government,09.03.2006,https://www.programmableweb.com/mashup/massachusetts-campaign-contribution-map,Google Maps,"Government, Financial, Mapping",http://www.boston.com/news/special/bigarticles/campaign_finance/page2.html,,
84,"A tag-based search engine that combines results from Flickr, delicious, Technorati and Google News.",Bookmarks,09.02.2006,https://www.programmableweb.com/mashup/tagvy.com,"Flickr, del.icio.us, deCarta","Bookmarks, Blogging, Photos, Search",http://www.tagvy.com,,
85,"B2B integration looking to deliver the benefits of a
high-transaction-charge value-added-network, a VAN, without high on-going transaction fees. Built on Amazon Simple Queue and Storage services.",Enterprise,09.02.2006,https://www.programmableweb.com/mashup/virtual-van,"Amazon Queue Service, Amazon S3",Enterprise,http://businessintegrationtechnology.com/PDF/VirtualVan.pdf,,
86,"Service for you to collect, organize, and share information for shopping, travel or any other research.",eCommerce,09.02.2006,https://www.programmableweb.com/mashup/kaboodle,Shopping.com,"eCommerce, Bookmarks, Travel",http://www.kaboodle.com/,,
87,Millions of Flickr photos have been geotagged and placed on a Yahoo Map. Uses the recently added Geo features of Flickr. Add a special tag for photos from Upcoming.org events and they will be linked to that page automatically.,Mapping,09.02.2006,https://www.programmableweb.com/mashup/official-flickr-map,"Flickr, Upcoming.org, Yahoo Maps","Mapping, Photos, Events",http://www.flickr.com/map/,,
88,Mashup showing locations of 200 places mentioned in the Bible. Going for accuracy they try to pinpoint the locations of the ruins of ancient cities instead of using the locations of modern cities with ancient names.,Mapping,09.02.2006,https://www.programmableweb.com/mashup/bible-mapped,"Google Maps, ESV Bible Lookup","Mapping, Religion",http://maps.google.com/maps?q=http%3A//bbs.keyhole.com/ubb/download.php%3FNumber%3D515491&ie=UTF8&ll=36.261992%2C30.871582&spn=13.167945%2C20.610352&t=k&om=1,,
89,View the latest photos from Fashiowire on your WAP capable phone. Fire up your mobile browser and point to http://411sync.com. Simply use the keyword fashionwire.,Celebrities,09.02.2006,https://www.programmableweb.com/mashup/latest-fashionwire-photos-phone,411Sync,"Celebrities, Mobile, Photos",http://www.411sync.com/cgi-bin/search_api?query=fashionwire,,
90,"A Google map based interactive guide to the Bournemouth, Dorset, UK area. The map shows attractions, food outlets, pubs, and clubs. Routes mode lets you plot journeys and calculate distances. History mode displays a map of old local photos.",History,09.01.2006,https://www.programmableweb.com/mashup/see-bournemouth-uk,Google Maps,"History, Mapping, England, Travel, Food",http://www.seebournemouth.net,,
91,A hot-or-not style dance rating site based on YouTube videos tagged dance.,Sports,09.01.2006,https://www.programmableweb.com/mashup/rate-my-dance-moves,YouTube,"Sports, Video",http://ratemydancemoves.com,,
92,A dynamic network feed of geo-tagged Flickr photos in Google Earth.,Photos,08.30.2006,https://www.programmableweb.com/mashup/flickr-google-earth,Flickr,"Photos, Mapping",http://kmlphotos.metaltoad.com,,
93,"This Google Maps mashup lets you see an outline of one part of the world overlayed on another part of the world. For example, you can sketch an outline of New Jersey in the Reference Map then overlay the outline over Japan in the Comparison Map.",Mapping,08.30.2006,https://www.programmableweb.com/mashup/mapfrappe-map-comparisons,Google Maps,"Mapping, Visualizations, Reference",http://mapfrappe.com/,,
94,"Everyone in the US knows that if you dig straight down you end up in China. Except you will not, but instead will end up swimming. Use this dual map tool to see where you go if you dig.",Science,08.29.2006,https://www.programmableweb.com/mashup/if-i-dig-straight-down,Google Maps,"Science, Reference, Mapping",http://www.ubasics.com/dighole/,,
95,"A mash-up of the most creative videos found on Google Video, YouTube, Blip.tv and other video sharing sites.",Video,08.29.2006,https://www.programmableweb.com/mashup/neave.tv,YouTube,"Video, Movies",http://neave.com/television/,,
96,A nice way to see the any location side-by-side in Google and Yahoo Maps. Even dragging one map drags the other.,Mapping,08.29.2006,https://www.programmableweb.com/mashup/google-vs-yahoo-maps,"Google Maps, Yahoo Maps",Mapping,http://www.sergeychernyshev.com/maps.html,,
97,A straightforward and clean interface to YouTube via their APIs. Workplace safe.,Video,08.28.2006,https://www.programmableweb.com/mashup/search-tube,YouTube,"Video, Search",http://www.searchthetube.com/,,
98,Search for city properties and view listings via Google Maps.,Real Estate,08.28.2006,https://www.programmableweb.com/mashup/urban-registry,Google Maps,"Real Estate, Mapping, New York City",http://www.treasurestone.com/newurbanregistry/,,
99,"Mashup with searchable US Golf Courses, weather data and details golf course information.",Sports,08.28.2006,https://www.programmableweb.com/mashup/caddymap-mapquest,Google Maps,"Sports, Mapping, Sports",http://www.caddymap.com/,,Web
100,"Google Maps mashup with searchable US Golf Courses, weather data and details golf course information.",Sports,08.28.2006,https://www.programmableweb.com/mashup/caddymap,Google Maps,"Sports, Sports, Mapping",http://www.caddymap.com,,
101,Chinese Google Maps mashup that allow people to share maps.,Wiki,08.28.2006,https://www.programmableweb.com/mashup/eemap.org,Google Maps,"Wiki, Chinese, Mapping",http://www.eemap.org,,
102,"WikiWalki lets you search, draw, and share your favorite outdoor trail by importing and exporting GPS data and Google mapping them. Use it to email a cool map of your walk, bike ride or running trail to your friends or find a new hike or city tour nearby.",Recreation,08.28.2006,https://www.programmableweb.com/mashup/wikiwalki,Google Maps,"Recreation, Mapping, Cycling, Sports",http://wikiwalki.com/,,
103,Guide for businesses and service providers in Switzerland with community integration.,eCommerce,08.27.2006,https://www.programmableweb.com/mashup/smagoo-swiss-shopping-guide,Google Maps,"eCommerce, Mapping",http://www.smagoo.ch,,
104,Interactive Google Map showing pubs in London with reviews.,Mapping,08.27.2006,https://www.programmableweb.com/mashup/london-random-pub-finder,Google Maps,"Mapping, England",http://www.randompubfinder.com/map.php,,
105,"Find mashed up maps in your locale: city, state, country, or the world, sorted by categories. Updated daily with your suggestions.",Mapping,08.27.2006,https://www.programmableweb.com/mashup/mashplanet,"Flickr, Google Maps, Google Gadgets","Mapping, Photos",http://imagine-it.org/mashplanet/,,
106,"Get real time listings from Windows Expo Live on your cell phone, using SMS, Email and WAP. Just send us the zip code for the location and what you are looking for, i.e. product details.",eCommerce,08.26.2006,https://www.programmableweb.com/mashup/mobile-windows-expo-live,"411Sync, Windows Live Expo","eCommerce, Classifieds, Mobile, Messaging",http://www.411sync.com/cgi-bin/search_api?query=listing%2098102%20couch,,
107,"Collection site where users can post things they collect, have, or want to trade. Uses RapLeaf as a feedback and reputation system.",Collecting,08.25.2006,https://www.programmableweb.com/mashup/iswapyou,RapLeaf,"Collecting, eCommerce",http://www.iswapyou.com,,
108,"Orginalsignal.com aggregates the 15 most popular web 2.0 weblogs like TechCrunch, ReadWriteWeb, Solution Watch, 37signals, eHub, GigaOM etc.",Aggregation,08.25.2006,https://www.programmableweb.com/mashup/original-signal,,"Aggregation, News Services",http://web20.originalsignal.com,,
109,An auto-tagging service that allows sites to add their own tag clouds.,Search,08.25.2006,https://www.programmableweb.com/mashup/zoomclouds,Yahoo Term Extraction,Search,http://zoomclouds.com,,
110,Maps postal codes to geographical coordinates and shows them on a map.,Mapping,08.24.2006,https://www.programmableweb.com/mashup/postal-code-mapper,"Google Maps, GeoNames","Mapping, Reference",http://mnankman.home.xs4all.nl/Web20Stuff/PCMapper.html,,
111,A Google guessing game. Look at this montage of images from Google Image Search and try to guess what keyword make up the image.,Photos,08.23.2006,https://www.programmableweb.com/mashup/guess-google,,"Photos, Search",http://grant.robinson.name/projects/guess-the-google/,,
112,Search Zooomr tags from your cell phone. Get a list of upto 10 photos on your WAP capable mobile device.,Mobile,08.22.2006,https://www.programmableweb.com/mashup/wap-interface-to-zooomr,411Sync,"Mobile, Photos, Messaging",http://www.411sync.com/cgi-bin/search_api?query=zooomrtag%20snake,,
113,"The Internet TV charts tracks the most popular online video clips each week from four leading Internet TV sites. All the best video clips, on one page.",Video,08.22.2006,https://www.programmableweb.com/mashup/worldtv-internet-tv-charts,YouTube,"Video, Movies, Celebrities",http://worldtv.com/charts/,,
114,Interactive Google Map of the Montreal subway system with links to the Montreal Transit Website.,Transportation,08.21.2006,https://www.programmableweb.com/mashup/montreal-subway-map,Google Maps,"Transportation, Canadian, Canadian, Mapping, Transportation",http://www.videomashups.ca/montreal/subwaymap.php,,
115,This mashup plots US Environmental Protection Agency data on a Google Map. Ability to search by location.,Mapping,08.18.2006,https://www.programmableweb.com/mashup/find-pollution-map,Google Maps,"Mapping, Environment",http://findpollution.org/,,
116,"Cool way to create and save your own hybrid maps using several mapping APIs. This mashup layers Google, Yahoo, MS Virtual Earth, and Terraserver maps into one interface - similar to the way Photoshop layers work.",Mapping,08.17.2006,https://www.programmableweb.com/mashup/ocarto-meta-map-mashup,"Google Maps, Microsoft Bing Maps, Yahoo Maps",Mapping,http://www.ocarto.com/,,
117,"Life2Life is a real store in a virtual world. Uses the Amazon and SecondLife APIs to allow you to shop in virtual space. This link brings you to the story about it, you need Second Life to see it in action.",eCommerce,08.17.2006,https://www.programmableweb.com/mashup/life2life-virtual-shopping,"Amazon Product Advertising, SecondLife",eCommerce,http://aws.typepad.com/aws/2006/08/improved_amazon.html,,
118,"A Google Maps mashup for finding golf courses in Germany with course details and simple rating. Enter a German zip or a German city to check it out, eg. Munich.",German,08.16.2006,https://www.programmableweb.com/mashup/golfplatzfinder,Google Maps,"German, Sports, Mapping, Sports",http://www.golfplatzfinder.de,,
119,"loc.alize.us displays a massive amount of photos on a highly interactive world map. Explore photos from everyones places, selected topics or people you know.",Photos,08.16.2006,https://www.programmableweb.com/mashup/loc.alize.us-flickr-mapped,"Flickr, Google Maps, GeoNames","Photos, Mapping",http://loc.alize.us/,,
120,"Easy to use tool to build a street map showing one location, eg. location of a business.",Mapping,08.16.2006,https://www.programmableweb.com/mashup/mapgenerator,Google Maps,"Mapping, Tools",http://www.mapgenerator.us,,
121,"Washington DC city and transit guide Google Maps mashup. Metro Links also combines blog postings from Window Shopper, Free Ride and Top Stops.",Mapping,08.15.2006,https://www.programmableweb.com/mashup/metro-links-dc,Google Maps,"Mapping, News Services, Transportation, Mobile",http://googlemapsmania.blogspot.com/2006/05/washington-dc-city-transit-guide.html,,
122,Share your location in real-time using Mologogo. A free service that will track your friends GPS-enabled cell phones from another phone or on the web. With various social networking features.,Mapping,08.15.2006,https://www.programmableweb.com/mashup/mologogo,Google Maps,"Mapping, Mobile",http://www.mologogo.com,,
123,"Mobile GMaps is an application that displays Google Maps, Yahoo Maps, Windows Live Local and Ask.com Maps and satellite imagery on Java J2ME-enabled mobile phones, PDAs and other devices.",Mapping,08.15.2006,https://www.programmableweb.com/mashup/mobile-gmaps,"Google Maps, Microsoft Bing Maps, Yahoo Maps","Mapping, Mobile, Travel",http://www.mgmaps.com,,
124,"Plazes adds physical presence to the web. The Plazes website automatically detects your location and connects you to people and places nearby. See people in your area, discover other locations and follow the whereabouts of your friends.",Mapping,08.15.2006,https://www.programmableweb.com/mashup/plazes,"Google Maps, Plazes",Mapping,http://plazes.com/plazes_users/sign_in,,
125,Great mashup: video of racing through Paris in one window while course is drawn realtime on a map in another. In 1978 filmmaker Claude Lelouch put a gyro-stabilized camera on a Ferrari 275 GTB with a professional Formula 1 racer drive at breakneck speed.,Mapping,08.14.2006,https://www.programmableweb.com/mashup/rendezvous-video-map,Google Maps,"Mapping, French, Video",http://bhendrix.com/wall/Gmaps_GVideo_Mashup_Rendezvous.html,,
126,"A collection of stuff to do with Flickr image manipulation, community based photo search engine and a system to print photos on shirts, mugs, and stickers.",Photos,08.13.2006,https://www.programmableweb.com/mashup/dumpr.net,"Flickr, del.icio.us, Cafe Press","Photos, eCommerce",http://www.dumpr.net,,
127,YouTube meets Google Maps. A real estate listings service that streams videos of properties on sale inside Google map,Video,08.13.2006,https://www.programmableweb.com/mashup/gootube,"Google Maps, YouTube","Video, Real Estate, Mapping",http://www.gootube.net,,
128,"Save some money, get the latest deals from SecretPrices.com right on your cell phone via SMS, email or WAP. Configure alerts and get notified as new deals are posted.",eCommerce,08.12.2006,https://www.programmableweb.com/mashup/secretprices.com-deals-phone,411Sync,"eCommerce, Mobile, Messaging",http://www.411sync.com/cgi-bin/search_api?query=secretprices,,
129,"A better search for Flickr. Uses special processing to find for more than just what you search for. Searching for music will not just look for that word but also for concert, band, ipod and other related concepts.",Photos,08.12.2006,https://www.programmableweb.com/mashup/flickrstorm,Flickr,"Photos, Search",http://www.zoo-m.com/flickr-storm/,,
130,"Mashes up articles from several marketplaces like ebay, Amazon or ricardo.ch, a Swiss auction platform, and displays it on a map. Uses Ip Geo-Information to display initial map view.",eCommerce,08.11.2006,https://www.programmableweb.com/mashup/velyoo-local-marketplaces,"Amazon Product Advertising, eBay, Google Maps, hostip.info","eCommerce, Auctions, Mapping",http://www.velyoo.com/ch/motorraeder/in_meiner_naehe_7341.aspx,,
131,"WikiMapia is a project to describe the whole planet Earth. Done as a community-built geographic WikiPedia. Just move the map to find interesting places, click on rectangles, create your own.",Mapping,08.11.2006,https://www.programmableweb.com/mashup/wikimapia,Google Maps,"Mapping, Wiki",http://www.wikimapia.org/,,
132,"Search and browse real time apartment listings from your cell phone, SMS, email and WAP. View what is available in the market. Configure alerts and get notified as listings change.",Messaging,08.11.2006,https://www.programmableweb.com/mashup/real-time-apartment-listings,411Sync,"Messaging, Real Estate, Mobile",http://www.411sync.com/cgi-bin/search_api?query=apartment%2098102,,
133,Pin point the locations of aviation art prints.,Mapping,08.10.2006,https://www.programmableweb.com/mashup/avi-art-aviation-art-maps,Google Maps,"Mapping, Air Travel, Art, England",http://www.aviartnutkins.com/locate.php,,
134,"Via the 411Sync.com service you have a choice of searching 411Sync queries, Web, RSS, Blogs, News and now also Wikipedia.",Search,08.10.2006,https://www.programmableweb.com/mashup/phone-search-wikipedia,411Sync,"Search, Reference, Mobile",http://wap.411sync.com/,,
135,"A freely browsable mapping database of over 130,000 US public and private elementary and secondary schools .
You can map all the schools in a particular zip code of by freetext search in a particular state.",Education,08.09.2006,https://www.programmableweb.com/mashup/easy-school-search,Google Maps,"Education, Mapping",http://www.easyschoolsearch.com,,
136,Map based apartment and housing search with custom Flash based map.,Mapping,08.09.2006,https://www.programmableweb.com/mashup/hotpads,Yahoo Geocoding,"Mapping, Real Estate, Search",http://hotpads.com/,,
137,Korean mashup with Naver maps and Google satellite photos.,Mapping,08.09.2006,https://www.programmableweb.com/mashup/create-map-korea,"Google Maps, Naver","Mapping, Korean",http://map.creation.net,,
138,"Clockr uses random digit images from Flickr to display the current time. Click on a number to change the image, doubleclick it to view the full image. Use the mouse wheel to cycle through.",Photos,08.08.2006,https://www.programmableweb.com/mashup/clockr,Flickr,Photos,http://www.quasimondo.com/clockr.php,,
139,"Google Map of strip clubs across the United States. Adult content, Not Safe For Work, NSFW.",Mapping,08.07.2006,https://www.programmableweb.com/mashup/strip-clubs-map,Google Maps,Mapping,http://stripclubmap.com/,,
140,"Frame an ecard using this web tool using photos from your own computer, from a remote site using a web address or from your Flickr account. Then send it via email as an ecard or save it to your Flickr account.",Photos,08.07.2006,https://www.programmableweb.com/mashup/frameshow.com-ecards,Flickr,Photos,http://www.frameshow.com/ecards.htm,,
141,Goggles is a very fun and creative flight simulator built on top of Google Maps. Pick from one of five cities and go. Change altitude and direction using the arrow keys.,Mapping,08.07.2006,https://www.programmableweb.com/mashup/google-maps-flight-simulator,Google Maps,"Mapping, Games",http://www.isoma.net/games/goggles.html,,
142,Choose a London Underground station to see nearby hotels.,Transportation,08.05.2006,https://www.programmableweb.com/mashup/tubehotels.com,"Google Maps, sletoh.com","Transportation, Transportation, Mapping, England, Hotels",http://www.TubeHotels.com,,
143,WAP based interface to daily photo highlights from Yahoo.,News Services,08.04.2006,https://www.programmableweb.com/mashup/daily-yahoo-photo-highlights,"Yahoo Search, 411Sync","News Services, Photos, Mobile",http://www.411sync.com/cgi-bin/search_api?query=daily,,
144,"Create and share maps to places near your favorite NFL stadium, including tailgates, restaurants, clubs, and seats.",Mapping,08.04.2006,https://www.programmableweb.com/mashup/nfl-fan-mapping-site,Google Maps,"Mapping, Sports, Sports",http://nfl.MapGameDay.com,,
145,A site about unforgettable hotels. We use a Wordpress blog in order to present the news about the trendy and hip hotels.,Spanish,08.04.2006,https://www.programmableweb.com/mashup/hoosta,"Flickr, Google Maps, Map24 AJAX","Spanish, Italian, French, Travel, Mapping, England",http://www.hoosta.com,,
146,Homethinking monitors real estate transactions to know what each agent has done and also customer reviews about the job they did.,Real Estate,08.02.2006,https://www.programmableweb.com/mashup/homethinking,Yahoo Maps,"Real Estate, Mapping",http://www.homethinking.com,,
147,"Point your phone browser to 411sync, enter the keyword friendster followed by friendster ID and view all friends photos. You can also click on Search Images and Photos to search for images from many other sites.",Mobile,08.02.2006,https://www.programmableweb.com/mashup/photos-friendster-phone,,"Mobile, Photos, Search, Messaging",http://www.411sync.com/cgi-bin/search_api?what=&service=photos&type=friendster,,
148,"Just three steps allow you to ind where to recycle almost any product. Google Maps API with Ajax make it easy. The site has a ""search as you type"" feature and resizeable screen width.",Environment,08.01.2006,https://www.programmableweb.com/mashup/recycling-torrance-ca,Google Maps,Environment,http://www.recycletorrance.org,,
149,"BART station maps, schedules, timetables, and other details in a convenient Google Map",Transportation,07.31.2006,https://www.programmableweb.com/mashup/bart-maps,Google Maps,"Transportation, Mapping",http://www.acme.com/bart/,,
150,"Various user created maps. Some with interesting points of reference, like the Bermuda map.",Mapping,07.31.2006,https://www.programmableweb.com/mashup/mapicurious,Google Maps,Mapping,http://www.mapicurious.com,,
151,"Google map mashup of crime in Washington, DC.",Crime,07.31.2006,https://www.programmableweb.com/mashup/crimeindc.org,Google Maps,"Crime, Mapping",http://www.crimeindc.org,,
152,"Interactive listing of UK Motorsport venues - motor racing circuits, kart circuits, ovals, speedway venues, hillclimbs, sprints, airfields and more.",England,07.31.2006,https://www.programmableweb.com/mashup/raced-and-rallied-uk-motorsports,Google Maps,"England, Sports, Mapping",http://www.racedandrallied.com/motorsport-locations?catid=1,,
153,Geo localized eBay auctions in France.,French,07.30.2006,https://www.programmableweb.com/mashup/lokaliz,"eBay, Google Maps","French, Mapping, Auctions",http://www.lokaliz.com,,
154,"World Community, travel, photos, videos. Data from Yahoo Maps, Yahoo Travel, Flickr and YouTube.",Travel,07.30.2006,https://www.programmableweb.com/mashup/ojor.com,"Flickr, Yahoo Maps, YouTube, Yahoo Travel","Travel, Video, Photos, Mapping",http://www.ojor.com,,
155,"A single place to find everything you need when rushing to the airport and need parking. Find out which airport parking facility is closest to you or to the airport, which is cheapest.",Mapping,07.30.2006,https://www.programmableweb.com/mashup/airport-parking,Google Maps,"Mapping, Travel, Transportation, Air Travel, Auto, Parking",http://www.aboutairportparking.com/,,
156,"An interactive reality game that serve as a platform for community publishing, citizen media and 3D journalism.",Games,07.25.2006,https://www.programmableweb.com/mashup/claim-earth,Google Maps,"Games, Mapping",http://www.ClaimTheEarth.com,,
157,"Places on Cape Cod: Some are fishing spots, some have important historical significance, some are just about a specific spot on Cape Cod.",Travel,07.25.2006,https://www.programmableweb.com/mashup/cap-cod-maps,Google Maps,"Travel, Mapping",http://www.capelinks.com/cape-cod/maps/main/,,
158,"A map of crime in Richmond, Virginia's Church Hill Neighborhood going back to 2001.",Mapping,07.25.2006,https://www.programmableweb.com/mashup/church-hill-crime-map,Google Maps,"Mapping, Crime",http://www.chpn.net/maps/east_end_homicides_2010.php,,
159,"Stickymap.com, an interactive wiki-style map website, allows users to annotate map content by creating graphical points of interest.",Wiki,07.24.2006,https://www.programmableweb.com/mashup/stickymap.com,"Google Maps, Yahoo Geocoding, Yahoo Local Search","Wiki, Mapping",http://www.stickymap.com/,,
160,Interactive Map of golf courses worldwide. Golf Course Directory with satellite images and photos.,Sports,07.23.2006,https://www.programmableweb.com/mashup/golf-world-map,Google Maps,"Sports, Sports, Mapping",http://www.golfworldmap.com,,
161,5 planes taking off one after the other from the same runway in Atlanta. Click on the numbered markers to see the sequence. Not sure if they are same or different.,Travel,07.23.2006,https://www.programmableweb.com/mashup/analyzing-air-traffic-google-maps,Google Maps,"Travel, Mapping",http://www.mibazaar.com/maps/atlantaairtraffic.html,,
162,Search Amazon books with Singapore National Library Board catalogue information.,Reference,07.22.2006,https://www.programmableweb.com/mashup/bookjetty,Amazon A9 OpenSearch,"Reference, eCommerce, Books",http://www.bookjetty.com,,
163,"Google map of the new North Carolina greenway which connects Umstead park and Lake Crabtree trails to the Raleigh greenway system. Includes markers to access Flickr photos, descriptions, news, etc.",Cycling,07.21.2006,https://www.programmableweb.com/mashup/reedy-creek-greenway,Google Maps,"Cycling, Mapping",http://www.reedycreek.info,,
164,A useful mashup combining an ADSL availability checker with Google maps. Type in a UK postcode and a map is displayed showing the distance from that post code to the local telephone exchange. This distance is then used to calculate the maximum speed.,Mapping,07.21.2006,https://www.programmableweb.com/mashup/uk-broadband-world-0,Google Maps,"Mapping, England",http://www.ukbroadbandworld.com,,
165,"View the latest photos from events and artists from the Rolling Stone. Everyday, new photos. These photos can be viewed on all WAP capable phones.",Music,07.21.2006,https://www.programmableweb.com/mashup/rolling-stone-photos-phone,411Sync,"Music, Events, Mobile, Celebrities, Photos",http://www.411sync.com/cgi-bin/search_api?query=rolling,,
166,"Modeled off the classic educational number-munching game. Munch photos from the flickr database tagged with a particular word, and simultaneously contribute to a visual ranking system.",Photos,07.21.2006,https://www.programmableweb.com/mashup/photomunchrs,"Flickr, Google Gadgets","Photos, Games",http://imagine-it.org/flickr/PhotoMunchrs.html,,
167,"Map of Campus Hangouts near college campuses. Includes restaurants, bars, sports venues, museums, and more. Users can add their own listings as well.",Mapping,07.20.2006,https://www.programmableweb.com/mashup/college-toolkit,"Google Maps, Yahoo Geocoding, Yahoo Local Search","Mapping, Education",http://colleges.collegetoolkit.com/colleges/hangouts/washington_university_in_st_louis/179867.aspx,,
168,"Obtain WAP based real time traffic reports for Major US cities. Source: Traffic.com and Yahoo Traffic, with 411Sync.",Mobile,07.20.2006,https://www.programmableweb.com/mashup/realtime-traffic-phones,"411Sync, Yahoo Geocoding","Mobile, Transportation",http://www.411sync.com/cgi-bin/search_api?service=traffic&city=seattle&type=pulse,,
169,A Google Map showing the location for each of the wineries operating in Quebec with links to their websites and related wine information.,Food,07.19.2006,https://www.programmableweb.com/mashup/quebec-wineries-map,"Amazon Product Advertising, Google Search, Google Maps, Google AdSense","Food, Mapping, Wine, Canadian",http://www.quebecwines.com/qw_quebecwineriesmap.php,,
170,Top 99 Women as voted by readers and staff of Askmen Magazine.,TV,07.19.2006,https://www.programmableweb.com/mashup/top-99-women-google-maps,"Google Maps, Yahoo Geocoding","TV, Movies, Celebrities, Mapping",http://www.mibazaar.com/top99women/,,
171,Yoga directory that provides live maps in the listings.,Sports,07.19.2006,https://www.programmableweb.com/mashup/avid-yoga,Google Maps,"Sports, Mapping",http://www.avidyoga.com,,
172,Zoomf is a UK property search engine listing properties on a simple and intuitive Google Maps interface.,Real Estate,07.18.2006,https://www.programmableweb.com/mashup/zoomf-properties-to-let-uk,Google Maps,"Real Estate, England, Mapping",http://www.zoomf.com,,
173,"A canal journey planner, with virtual canal trips using Google maps and user contributed photos.",England,07.18.2006,https://www.programmableweb.com/mashup/canalplan-ac,Google Maps,"England, Travel, Mapping",http://canalplan.org.uk/,,
174,"If you are stuck downtown and need to find parking. Ask 411Sync and get back a list of all parking spots within a 1 mile radius. Use WAP, SMS or EMAIL. Just send the zip code. If using WAP, also see the spots on a small MAP.",Mobile,07.17.2006,https://www.programmableweb.com/mashup/find-parking-phone,"411Sync, Yahoo Map Image","Mobile, Messaging, Auto, Transportation, Auto, Parking",http://www.411sync.com/cgi-bin/search_api?query=parking%2094123,,
175,"Where science meets culture. The individual beads of the Phylotaxis represent an ever-changing zeitgeist of science news, populated automatically every few hours by a program that scours online news sources and blogs that focus on science.",Visualizations,07.17.2006,https://www.programmableweb.com/mashup/phylotaxis,,"Visualizations, News Services",http://www.phylotaxis.com/,,
176,"TrainCheck sends the next 3 train times at ANY stop in your metro to your SMS or email enabled cell phone. It is simple, fast, and free. Initially for Washington DC, SF and CalTrain.",Search,07.17.2006,https://www.programmableweb.com/mashup/traincheck,,"Search, Transportation",http://www.traincheck.com/,,
177,A free frequent-flyer mileage and point tracking site on the internet focused solely on tracking and managing rewards. Tools and services to make managing and redeeming miles and points easier.,Mapping,07.17.2006,https://www.programmableweb.com/mashup/mileguru,Google Maps,"Mapping, Travel",https://www.mileguru.com/default.aspx,,
178,TripCart is designed by travelers for travelers. We sort through the world of travel information to make it easy for you to plan the best possible trip.,Travel,07.16.2006,https://www.programmableweb.com/mashup/tripcart,Google Maps,"Travel, Mapping",http://www.tripcart.com,,
179,"10,000 sheep created by online workers. An Amazon Mechanical Turk application. Each worker was paid 2 cents US to draw a sheep facing left. Buy your favorite. Unlike anything before.",Visualizations,07.16.2006,https://www.programmableweb.com/mashup/sheep-market,Amazon Mechanical Turk,"Visualizations, Animals, Art",http://www.thesheepmarket.com/,,
180,View all your MySpace friends photos on a WAP capable phone. Enter your ID or your friends ID to see the photos. Click on photos to see friends friends.,Messaging,07.15.2006,https://www.programmableweb.com/mashup/myspace-photos-mobile-phones,411Sync,"Messaging, Photos, Mobile, Search",http://www.411sync.com/cgi-bin/search_api?query=friends%2048542135,,
181,Explore the sounds of New York City with this aural map from the New York Society for Acoustic Ecology. Audio is directly integrated into the map marker popups. Nicely done.,Audio,07.15.2006,https://www.programmableweb.com/mashup/soundseeker,Google Maps,"Audio, New York City, Mapping",http://www.soundseeker.org/,,
182,"Mashup on PhotoEnforced.com that plots the location of Red Light cameras in the Los Angeles area. There are also maps for other areas, including Northern California, San Diego, and Washington DC.",Photos,07.14.2006,https://www.programmableweb.com/mashup/los-angeles-red-light-cameras,Google Maps,"Photos, Transportation, Mapping",http://www.photoenforced.com/la.html,,
183,Mashup of Google Maps with the most recent venture capital deals and startups in Silicon Valley.,Financial,07.14.2006,https://www.programmableweb.com/mashup/silicon-valley-vc-funding,Google Maps,"Financial, Mapping",http://www.silicontap.com/intelligence/map/,,
184,A Google Maps mashup that allows you to calculate the per-passenger greenhouse gas emissions created by a commercial airline flight between any two airports.,Government,07.14.2006,https://www.programmableweb.com/mashup/air-travel-emissions-calculator,Google Maps,"Government, Travel, Mapping, Environment, Science",http://www.terrapass.com/individuals-families/carbon-footprint-calculator/#air,,
185,GmapWiki is A MapWiki System On Google Maps and a library of interesting satellite-photographed places for google earth.,Wiki,07.14.2006,https://www.programmableweb.com/mashup/gmapwiki.com,Google Maps,"Wiki, Mapping",http://www.gmapwiki.com,,
186,"Citysearch and Google Maps and Dodgeball and Yahoo Mobile Maps equals Mashup to plan bar-hopping routes, late-night food. With sharing and mobile integration.",Food,07.14.2006,https://www.programmableweb.com/mashup/pubwalk,"Google Maps, geocoder","Food, Mobile, Mapping, Search",http://www.pubwalk.com,,
187,"Setup wish lists of items you'd like to purchase, customize them with pictures and themes. Give them a password or leave them public and open them up for commenting. OS X users can use a dashboard widget to make a wishlist, and share it when its ready.",Lists,07.13.2006,https://www.programmableweb.com/mashup/your-wishlist.com,Amazon Product Advertising,"Lists, eCommerce",http://www.your-wishlist.com,,
188,"Nice, searchable database and map of renewable energy projects from around the world. Here is an opportunity to celebrate and learn about the impact individuals and organizations create a renewable energy community.",Mapping,07.11.2006,https://www.programmableweb.com/mashup/renewableplanet.com,Google Maps,"Mapping, Science, Energy",http://www.therenewableplanet.com/,,
189,Good mashup that plots fun and entertaining quotes from Overheard in New York on a Google Map.,Mapping,07.11.2006,https://www.programmableweb.com/mashup/overplot,Google Maps,"Mapping, New York City",http://persistent.info/overplot/,,
190,"Happy hour finder mashup with Google Maps. Happy hours sortable by drink specials, food specials, wifi, and patios. Also, what is happening right now.",Search,07.10.2006,https://www.programmableweb.com/mashup/unthirsty.com,"Google Maps, Yahoo Maps, Ontok","Search, Mapping, Food",http://www.unthirsty.com/,,
191,See what color is currently the favorite one for photos on Flickr. Histogram of color bars at top of page are based on the current sampling.,Photos,07.10.2006,https://www.programmableweb.com/mashup/favcol,Flickr,Photos,http://favcol.com/,,
192,Test your guessing skills and flickr picture choosing skills in this fun twist on pictionary. Beware -- some people tag photos quite liberally.,Photos,07.10.2006,https://www.programmableweb.com/mashup/flicktionary,"Flickr, Aonaware Dictionary","Photos, Games",http://imagine-it.org/flickr/flicktionary.htm,,
193,"Places 1,909,615 Cell Towers and Antennas onto Google Maps to determine cell reception in an area.",Mapping,07.10.2006,https://www.programmableweb.com/mashup/antennasearch.com,Google Maps,"Mapping, Mobile",http://www.antennasearch.com,,
194,"Italian real estate application using Google Maps with live completion geocoding, google earth integration, starrable posts, RSS feeds, lightboxed images, and YouTube videos.",Real Estate,07.10.2006,https://www.programmableweb.com/mashup/maiom-italy-real-estate,"Google Maps, YouTube","Real Estate, Mapping, Italian, Video, Photos",http://www.maiom.com/mappa/,,
195,Hotel and Air search for your mobile phone browser using the public Kayak API.,Mobile,07.10.2006,https://www.programmableweb.com/mashup/kayak-mobile,Kayak,"Mobile, Messaging, Travel",http://kayakmobile.com/,,
196,Wide selection of map and geographic data.,Mapping,07.10.2006,https://www.programmableweb.com/mashup/national-geographic-map-machine,GlobeXplorer,"Mapping, Reference",http://education.nationalgeographic.com/education/mapping/interactive-map/,,
197,Choose from over 20 creative styles for presenting your Flickr photos. Interesting variety. Creates clean urls for bookmarking and sharing.,Photos,07.10.2006,https://www.programmableweb.com/mashup/splashr,Flickr,Photos,http://splashr.com/,,
198,BuddyMapping.com allows you to create a custom google map your friends and internet buddies can add themselves too. It has a very nice live search feature and is fast compared to Frappr and other mapping sites.,Mapping,07.09.2006,https://www.programmableweb.com/mashup/buddymapping.com,"Google Maps, Yahoo Geocoding",Mapping,http://www.buddymapping.com/,,
199,"Interactive Maps for the Louisville Metro area - crimes, sex offenders, historic sites, traffic cams, restaurant health ratings, homes for sale.",Mapping,07.08.2006,https://www.programmableweb.com/mashup/louisville-metro-mapper,Google Maps,"Mapping, Crime",http://www.metromapper.org,,
200,"Search for Photos and Images on Flickr, Yahoo, Riya, Webshots and even News right from a WAP capable phone.",Photos,07.08.2006,https://www.programmableweb.com/mashup/wap-based-image-search,"Flickr, 411Sync, Yahoo Image Search, Riya, WebShots","Photos, Search, Mobile",http://www.411sync.com/photo_search.html,,
201,"Small flash app lets users write short stories, get auto-generated illustrations from Flickr photos, and play around with the results. Nicely done.",Photos,07.06.2006,https://www.programmableweb.com/mashup/flillustrator,Flickr,"Photos, Visualizations",http://www.imagine-it.org/flickr/flillustrator.htm,,
202,"The Community Broadband map was developed as an attempt to harness the collective effort of a large number of individual users of the Internet to produce, over time, a map of areas where high-speed connectivity is and is not located.",Mapping,07.06.2006,https://www.programmableweb.com/mashup/community-broadband-map,Google Maps,Mapping,http://www.ecorridors.vt.edu/maps/broadbandmap.php,,
203,"Use this WAP based interface to search for Events, Movies, Venues or lookup anything in your neighborhood. This interface can be used from any WAP capable phone.",Search,07.05.2006,https://www.programmableweb.com/mashup/wap-interface-to-local-search,"Upcoming.org, Eventful, Yahoo Search, Zvents, 411Sync","Search, Movies, Events, Mobile",http://www.411sync.com/local_search.html,,
204,"Bookalizer is a mashup of Amazon and Topicalizer to generate site related book ads. If you buy a book from an ad, the complete provision is given as a donation to a good cause. Similar to idea of Amazon self optimizing links. In German.",Books,07.05.2006,https://www.programmableweb.com/mashup/bookalizer,"Amazon Product Advertising, Topicalizer","Books, eCommerce",http://www.bookalizer.com,,
205,"A useful worldwide travel guide in German and English. With embedded data from Wikipedia, Flickr and Google News. Double-click anywhere on the map for details on that location.",Travel,07.05.2006,https://www.programmableweb.com/mashup/geowalk,"Flickr, Google Maps, GeoNames","Travel, News Services, Mapping, German",http://www.geowalk.de,,
206,"Get the latest News and Scores from the Wimbledon. Get real time updates on cell phones via SMS, WAP and Email.",Mobile,07.04.2006,https://www.programmableweb.com/mashup/wimbledon-live-mobile-phones,411Sync,"Mobile, Messaging, Sports",http://411sync.com/cgi-bin/sports_login.cgi#anchor8,,
207,"A mash up of a broadband checker, Google Maps and Yahoo AJAX. Maps the distance to your exchange and calculates the speed of an ADSL connection as shows a list of broadband providers in the area. NOTE: Jan 07 appears down.",England,07.04.2006,https://www.programmableweb.com/mashup/uk-broadband-world,Google Maps,"England, Mapping",http://www.ukbroadbandworld.com/broadband_availability.php?postcode=RG30%201DZ,,
208,"A cool Google Maps and Tour de France mash-up: Displays drivers data live on a interactive map. And you can can even follow the bike position. Heart beat, speed, stress points, distance, power and current position are tracked.",Mapping,07.03.2006,https://www.programmableweb.com/mashup/tour-de-france-live-maps,Google Maps,"Mapping, Sports, Cycling, French",http://www.ubilabs.net/projekt/tour-de-france-live-tracker,,
209,Simple spatial bookmarking. Use a delicious style bookmarklet system to tag any url with location information.,Mapping,07.01.2006,https://www.programmableweb.com/mashup/geotagthings,"Yahoo Maps, Yahoo Geocoding, Yahoo Local Search","Mapping, Bookmarks",http://www.geotagthings.com,,
210,"411Sync users can configure their calendar settings so that they can access their upcoming events from their mobile phone. 411Sync helps access Google, 30Boxes and Upcoming.org calendars using SMS, WAP, Email, IM and Toolbar",Calendars,07.01.2006,https://www.programmableweb.com/mashup/access-your-calendar-phone,"Upcoming.org, 411Sync, 30 Boxes, Google Calendar","Calendars, Mobile, Messaging, Events",http://www.411sync.com/cgi-bin/calfaq,,
211,Bookwormz is a user-supported database designed to find and thereby support independent bookstores throughout the United States.,Books,06.30.2006,https://www.programmableweb.com/mashup/bookwormz,"Google Maps, geocoder","Books, Mapping, eCommerce",http://bookwormzonline.com/,,
212,"MusicPortl is a music information portal, displaying much info on the artist you are searching for, including bio, similar artists, photos, releases and more while still keeping good page loading times by loading most of the info after display via ajax.",eCommerce,06.30.2006,https://www.programmableweb.com/mashup/musicportl.com,"Flickr, Technorati, Amazon Product Advertising, Last.fm, Ontok Wikipedia","eCommerce, Search, Reference, Photos, Music",http://www.musicportl.com,,
213,"Quick and dirty way to explore the Amazon browse nodes, and get top sellers for each node.",eCommerce,06.30.2006,https://www.programmableweb.com/mashup/amazon-quick-and-dirty-browse,Amazon Product Advertising,eCommerce,http://texsy.com/amazonCats.php,,
214,"Browse the biggest 150 cities around the world and see the most popular books about each city in 8 subjects. Great for browsing, traveling, general interest, etc.",Books,06.28.2006,https://www.programmableweb.com/mashup/top-city-books,"Amazon Product Advertising, Google Maps, Yahoo Geocoding","Books, eCommerce, Mapping",http://www.topcitybooks.com,,
215,Users can record their fishing experiences on this Google Map.,Sports,06.27.2006,https://www.programmableweb.com/mashup/japanese-fishing-map,Google Maps,"Sports, Sports, Mapping, Japanese",http://www.fishingmap.jp/,,
216,"This tool lets you compare prices from Yahoo, Amazon, Nextag, MSN, Clipfire and Yahoo Bargains. Available for WAP capable phone. Simply provide the product details or UPC code.",eCommerce,06.27.2006,https://www.programmableweb.com/mashup/price-compare-phone,"Amazon Product Advertising, 411Sync","eCommerce, Mobile",http://www.411sync.com/price_compare.html,,
217,Ebay Aggregator lets you search and manage all your auctions searchs on Ebay world in one page in customizable boxes. This application uses Ebay RSS functionnalities in an Ajax interface driven by PHP. Free account required.,Auctions,06.27.2006,https://www.programmableweb.com/mashup/ebay-aggregator,eBay,"Auctions, eCommerce",http://www.design4now.com/aggregator,,
218,"Frucall is a free phone-based price-comparison shopping service for consumers to compare prices and purchase products using their cell phones, anywhere, anytime. Frucall blends the benefits of in-store shopping with the flexible nature of shopping online.",eCommerce,06.27.2006,https://www.programmableweb.com/mashup/frucall,Amazon Product Advertising,"eCommerce, Mobile, Telephony",http://www.frucall.com/,,
219,A mashup using data from the National Center for Missing and Exploited Children.,Mapping,06.26.2006,https://www.programmableweb.com/mashup/missing-kids-map,Google Maps,Mapping,http://www.missingkidsmap.com,,
220,Find ethnic restaurants in your neighborhood.,Mapping,06.26.2006,https://www.programmableweb.com/mashup/ethnic-dining,"Google Maps, Yahoo Local Search","Mapping, Food",http://www.mibazaar.com/ethnicdining/,,
221,"A home in SL that sports a simple picture frame. Touch it and it looks up your avatar name to see what your favourite Flickr tag is, picks a random picture with that tag from Flickr and displays it on its surface.",Photos,06.26.2006,https://www.programmableweb.com/mashup/flickr-second-life,Flickr,"Photos, Games",http://www.hackdiary.com/2006/05/29/alas-second-life-web-20-in-a-virtual-world/,,
222,"Yahoo Maps, Local Search, Traffic Reports and Upcoming Events all mashed together.",Search,06.26.2006,https://www.programmableweb.com/mashup/metromash,"Upcoming.org, Yahoo Maps, Yahoo Search, Yahoo Traffic","Search, Transportation, Mapping, Events",http://www.metromash.com/,,
223,Map based social networking. Registration required. Seems sparsely populated.,Mapping,06.25.2006,https://www.programmableweb.com/mashup/mapmix,Google Maps,"Mapping, Dating",http://www.mapmix.com/,,
224,This service provide instant information about the top tourist attractions in a city. Just send us the location - city and state - and see the best places in a city.,Mobile,06.24.2006,https://www.programmableweb.com/mashup/visitor-attractions-cell-phone,"411Sync, Yahoo Travel","Mobile, Travel, Messaging, Events",http://www.411sync.com/cgi-bin/travel.cgi#anchor1,,
225,Search for venues on Eventful from your cell phone. Just tell us what you are looking for and the location. You will get a list of popular venues in that location in.,Mobile,06.24.2006,https://www.programmableweb.com/mashup/venues-search-phone,"Eventful, 411Sync, Yahoo Geocoding","Mobile, Search, Events",http://www.411sync.com/cgi-bin/biz_login.cgi#anchor6,,
226,Stock Cloud tracks press releases to programmatically identify business partnerships.,Search,06.23.2006,https://www.programmableweb.com/mashup/stock-cloud,"Technorati, Google Search, Yahoo Search, SplogSpot, Trynt","Search, Financial, Blogging",http://www.stockcloud.net/,,
227,Slurlmarker uses your del.icio.us account to create a bookmark slurl of your favorite locations in Second Life.,Bookmarks,06.22.2006,https://www.programmableweb.com/mashup/slurlmaker-second-life,"del.icio.us, SecondLife","Bookmarks, Games",http://slurl.com/,,
228,"This is a mashups of Cute Overload photos and 411Sync Mobile API. Using the search keyword cuteoverload, you can view these photos on WAP capable phones.",Mobile,06.21.2006,https://www.programmableweb.com/mashup/cute-overload-photos-phones,411Sync,"Mobile, Photos, Animals",http://www.411sync.com/cgi-bin/photos.cgi#anchor9,,
229,"ScreenSvr is a simple screen saver for Windows PCs. It grabs photos from Flickr, based on your selection criteria, and displays them in a repeating slideshow as a screensaver.",Photos,06.21.2006,https://www.programmableweb.com/mashup/screensvr,Flickr,Photos,http://screensvr.rubyforge.org,,
230,"A unique browser based command line interface to Amazon.com. Search, browse and purchase Amazon products all via the command line -- welcome to the world of Zero-click shopping. Firefox only.
(see Developer Notes for update info)",eCommerce,06.21.2006,https://www.programmableweb.com/mashup/amazon-cli,Amazon Product Advertising,"eCommerce, Search",http://www.lucidcheese.com/ACLI/,,
231,Search for any product on amazon and visualize its 2-level deep similarity web in Flash. Nice visualization,eCommerce,06.20.2006,https://www.programmableweb.com/mashup/similarity-web,Amazon Product Advertising,"eCommerce, Search",http://imagine-it.org/amazong/vissimweb.htm,,
232,Iron Skull is a google map mashup of world class premier custom chopper builders.,Mapping,06.20.2006,https://www.programmableweb.com/mashup/iron-skull,Google Maps,"Mapping, Cycling, Transportation",http://www.ironskull.com,,
233,An SMS price comparison tool. Compare prices on Amazon and eBay while you are out shopping via text messaging.,Messaging,06.19.2006,https://www.programmableweb.com/mashup/mobsaver,"Amazon Product Advertising, eBay","Messaging, Mobile, Messaging, eCommerce, Search",http://www.mobsaver.com,,
234,Google maps creation tool reminiscent of simple image-editing programs. Nicely done.,Mapping,06.19.2006,https://www.programmableweb.com/mashup/quikmaps,"Google Maps, GeoNames","Mapping, Tools",http://quikmaps.com,,
235,"MusicPortl is a place where you can gather information about music artists, took from several interesting places all over the web. MusicPortl tells you about almost every known artists biography by featuring wikipedia articles, links to recent blog posts.",Video,06.17.2006,https://www.programmableweb.com/mashup/musicportl,"Flickr, Technorati, Amazon Product Advertising, YouTube, Last.fm, Ontok, MusicBrainz","Video, eCommerce, Photos, Music",http://www.musicportl.com,,
236,"Tour the locations of the Da Vinci Code on this Google Map. Includes locations and routes in France, UK, and Italy.",Mapping,06.17.2006,https://www.programmableweb.com/mashup/davinci-tour-maps,Google Maps,"Mapping, Movies, French, England, Italian",http://da-vinci-tour.renalid.com/,,
237,"Get the dirt on Hollywood celebrity hotel goings-on. HotelChatter covers everything related to hotels and lodging around the world, we cover hotel deals and reviews, which celebrities are staying where, hotel industry news, the hotels to stay away from.",Mapping,06.17.2006,https://www.programmableweb.com/mashup/hotelchatter-hollywood-secrets,Google Maps,"Mapping, Travel, Celebrities, Movies",http://www.hotelchatter.com/maps/hotelchatter-hollywood-star-map,,
238,"his site uses data from the Storm Prediction Center, the SPC, part of the National Weather Service and the National Centers for Environmental Prediction. Their goal is to provide accurate and timely forecasts, severe outlooks, and other watches.",,06.17.2006,https://www.programmableweb.com/mashup/hurricane-storm-reports,Google Maps,,http://www.stormreportmap.com/,,
239,"Fun, challenging map game. Match the close-up satellite image with its location on the world map.",Games,06.17.2006,https://www.programmableweb.com/mashup/google-maps-quiz,Google Maps,"Games, Mapping",http://www.mindpicnic.com/maps-quiz/,,
240,A mashup showing Motorcycle Parking Sopts in San Francisco using Google Maps,Transportation,06.16.2006,https://www.programmableweb.com/mashup/motorcycle-parking-san-francisco,Google Maps,"Transportation, Mapping, Transportation, Parking",http://www.purplemoments.com/sfparking/index.html,,
241,Searches recent local news articles from Google News and plots it onto a Google Map giving perspective to the wide range of local news subjects.,News Services,06.16.2006,https://www.programmableweb.com/mashup/local-news-map,Google Maps,"News Services, Mapping",http://www.localnewsmap.com,,
242,"opsdo has two goals - to allow people to search many information sources which mainstream search engines do not cover well and to allow people to search groups of such sources -- e.g. RottenTomatoes, IMDb and Amazon.",Search,06.15.2006,https://www.programmableweb.com/mashup/opsdo,"Flickr, Technorati, Amazon Product Advertising, del.icio.us, eBay, Google Search, Yahoo Search, Tailrank, Raw Sugar","Search, eCommerce, Photos",http://www.opsdo.com/,,
243,Germany job search engine. ICjobs uses a new search technology and gathers jobs direct from company sites. It's NOT a meta search engine. ICjobs does NOT crawl job sites like monster.com.,Jobs,06.14.2006,https://www.programmableweb.com/mashup/icjobs-map-germany,Google Maps,"Jobs, German",http://www.icjobs.de/,,
244,A visual search mashup that uses a combination of AJAX and Flash for its user interface. Search results from Google and Yahoo.,Search,06.13.2006,https://www.programmableweb.com/mashup/eye-search,"Google Search, Yahoo Search",Search,http://www.eyesearch.org/,,
245,"Using this service, users can obtain the latest deals on all Domestic and International flights from SideStep. This service is available on cell phones - SMS, email and wap.",Travel,06.13.2006,https://www.programmableweb.com/mashup/flight-deals-sidestep,411Sync,"Travel, Messaging, Mobile",http://www.411sync.com/cgi-bin/travel.cgi#anchor27,,
246,"Search for products on: Google, Yahoo, PriceGrabber, Shopzilla, Amazon, Buy.com, etc. and kulist.com will show you price comparisons directly into your current page.
Click on a merchant for any product and optionally add the product to your ""lists"".
2%",eCommerce,06.12.2006,https://www.programmableweb.com/mashup/kulist.com,Amazon Product Advertising,eCommerce,http://www.kulist.com/,,
247,"Get the latest news, scores, schedules and information on your mobile phone with this 411sync mashup.",Sports,06.10.2006,https://www.programmableweb.com/mashup/world-cup-soccer-phone,411Sync,"Sports, Mobile, Messaging",http://www.411sync.com/cgi-bin/world_cup.cgi,,
248,"An simple, open skatespot database with searchable entries and locations plotted on Google maps.",Mapping,06.10.2006,https://www.programmableweb.com/mashup/skatespots.net,Google Maps,"Mapping, Sports",http://www.skatespots.net/,,
249,"Map of basketball courts, tennis courts, golf courses, softball/baseball fields, pool halls and bowling alleys by city.",Sports,06.09.2006,https://www.programmableweb.com/mashup/pickup-games-map,"Google Maps, Yahoo Geocoding","Sports, Mapping",http://www.pickupgame.com/basketballcourtstennisgolfsoftball/,,
250,Classifieds listings via Windows Live Expo for your zip code on Google Maps with Geocoding provided by Yahoo.,Mapping,06.08.2006,https://www.programmableweb.com/mashup/classifieds-map,"Google Maps, Yahoo Geocoding, Windows Live Expo","Mapping, eCommerce, Auctions",http://www.mibazaar.com/classifieds/,,
251,See geographical information about any ip or domain in the world.,Mapping,06.08.2006,https://www.programmableweb.com/mashup/geo-ip-tool,Google Maps,"Mapping, Networking",http://www.geoiptool.com/,,
252,This map plots more than 200 college campus-based mediation services using a list from www.campus-adr.org,Mapping,06.08.2006,https://www.programmableweb.com/mashup/campus-based-mediation-services-locator-map,Yahoo Maps,"Mapping, Education",http://campus-adr.org/maps/cmclocator.html,,
253,Get a map image of any location on your WAP enabled phone. The map image will provide street level information of the location.,Search,06.08.2006,https://www.programmableweb.com/mashup/map-wap-mobile-phone,411Sync,"Search, Mobile, Mapping, Messaging",http://www.411sync.com/cgi-bin/traffic_login.cgi#anchor6,,
254,"Cut and paste TrackBack service for blogs and web-pages. TrackBacks are cool, TrackBack spam isn not. TrackBackr finds trackback entries, filters out blog spam and can be added to your blog or web page in less then five minutes.",Blogging,06.07.2006,https://www.programmableweb.com/mashup/trackbackr,"Technorati, Google Search, Yahoo Search, SplogSpot","Blogging, Spam, Search",http://www.trackbackr.com/,,
255,French regional city finder for the Jura in France.,Mapping,06.07.2006,https://www.programmableweb.com/mashup/juracom,"Google Search, Google Maps","Mapping, Travel, French",http://www.juracom.com/carte-du-jura.html,,
256,Travel Information Directory. Mashup of Naver and Flickr.,Travel,06.07.2006,https://www.programmableweb.com/mashup/questglobe,"Flickr, Naver","Travel, Search, Photos, Korean",http://www.questglobe.com/,,
257,"Top 10 Colleges as reported by Princeton Review in the category of Best Value,Best Academics,Party Colleges,Beautiful Campuses, Happiest Students, Where Students Study Most, Where students rarely Study, Toughest Colleges to get into.",Education,06.07.2006,https://www.programmableweb.com/mashup/top-10-colleges,"Yahoo Geocoding, AIM Phoneline","Education, Mapping",http://www.mibazaar.com/education/top10colleges.html,,
258,mapits.de is a German real estate search engine based on Google Maps.,Mapping,06.06.2006,https://www.programmableweb.com/mashup/www.mapits.de,Google Maps,"Mapping, Real Estate, German",http://www.mapits.de,,
259,"The Pinguinale 2006 is an event in Wuppertal, Germany, because of the 125 birthday of the Wuppertaler Zoo. Map shows the places of 200 pinguins and photos of them. Firefox works better.",Mapping,06.05.2006,https://www.programmableweb.com/mashup/pinguinale-2006,Google Maps,"Mapping, Animals, German",http://gis.ibbeck.de/pinguinale/GoogleMapPinguinale.html,,
260,Worldwide dive site atlas and reference. Hundreds of dive sites from all continents listed. Sites mapped on Google Maps.,Mapping,06.05.2006,https://www.programmableweb.com/mashup/wannadive.net,Google Maps,"Mapping, Sports, Sports",http://www.wannadive.net,,
261,"Currency Conversion gives exchange rates between 2 currencies by cell phone. Via WAP, SMS and Email.",Mobile,06.03.2006,https://www.programmableweb.com/mashup/currency-conversion-mobile-phone,411Sync,"Mobile, Messaging",http://411sync.com/cgi-bin/finance_login.cgi#anchor6,,
262,"Have you ever asked yourself what city you are currently in or where am I at. Well, just in case that happens to you some time, WhereAmI.At can hopefully tell you where you are.",Mapping,06.02.2006,https://www.programmableweb.com/mashup/whereami.,"Flickr, Google Search, Google Maps, hostip.info","Mapping, Search, Photos",http://whereami.at/,,
263,"Help us build the best source for healthy living and local news by submitting your tips, events and links so that we can all learn to live a more eco-friendly lifestyle.",Mapping,06.01.2006,https://www.programmableweb.com/mashup/ecolocal,GeoNames,"Mapping, England, Events",http://suttree.com/,,
264,"You can browse and listen to music using a map. If you join ArtistSerer.com you can download the music for free. A listing of nearly 150 musical genres on left, a map and chat window on right.",Mapping,05.31.2006,https://www.programmableweb.com/mashup/mp3-artistserver-music-map,Yahoo Maps,"Mapping, Music",http://www.ArtistServer.com/map.cfm,,
265,"Flickrball is a fun six-degrees-of-separation scavenger-hunt game, using Flickr thumbnails and tags for clues.",Games,05.30.2006,https://www.programmableweb.com/mashup/flickrball,Flickr,"Games, Photos",http://www.mindsack.com/flickrball/,,
266,"Free service allows people to publish their GPS location data and add photos, links, and create points and tracks on Google Satellite maps. Export data in GPX and KML, Yahoo geocoder for converting addresses to L/L.",Mapping,05.29.2006,https://www.programmableweb.com/mashup/loceight-data,"Flickr, Google AdWords , Google Maps, Yahoo Geocoding, GeoNames","Mapping, Mapping",http://www.loceight.com,,
267,Alternative interface into the Amazon catalog. Java applet with price sliders and other filtering tools.,eCommerce,05.29.2006,https://www.programmableweb.com/mashup/amazonhive,Amazon Product Advertising,eCommerce,http://www.hivegroup.com/amazon1.html,,
268,"ActorTracker takes feeds of upcoming television shows, movies and celebrity news combined into a shopping experience with merchandise from Amazon and eBay",eCommerce,05.29.2006,https://www.programmableweb.com/mashup/actortracker,"Amazon Product Advertising, eBay","eCommerce, Auctions, Movies, TV, Video",http://www.actortracker.com/,,
269,Discover and share your favorite bicycle routes. Bikely helps cyclists share knowledge of good Australian bicycle routes.,Cycling,05.26.2006,https://www.programmableweb.com/mashup/bikely,Google Maps,"Cycling, Mapping, Australian, Sports",http://www.bikely.com/,,
270,View the club teams for players on each of the national team rosters in this summers tournament.,Sports,05.24.2006,https://www.programmableweb.com/mashup/world-cup-roster-maps,Google Maps,"Sports, Sports, Mapping",http://soccerblogs.net/world_cup_map/,,
271,WebCottages is a directory of self catering holiday cottages and other self catering holiday accommodation from around the UK.,Travel,05.24.2006,https://www.programmableweb.com/mashup/webcottages,Google Maps,"Travel, Mapping, England",http://www.webcottages.co.uk/,,
272,"Local city guides for over 18,000 US cities.",Search,05.23.2006,https://www.programmableweb.com/mashup/my-city-map,"Flickr, Upcoming.org, Microsoft Bing Maps, Yahoo Search, Yahoo Traffic, Yahoo Local Search, Yahoo Related Suggestions","Search, Mapping",http://mycitymap.org/,,
273,"Browse the vineyards of Oregon via this comprehensive map. Search by location, varietal or vineyard amenity.",Food,05.23.2006,https://www.programmableweb.com/mashup/oregon-wine-explorer,Google Maps,"Food, Mapping, Wine",http://explorer.oregonwine.org/winery/search/intro,,
274,"If the earth were a sandwich. Fun way to find the antipodal, oposite side, point for any place on the earth. See them both side-by-side and drag them around. From Ze Frank.",Mapping,05.23.2006,https://www.programmableweb.com/mashup/earth-sandwich,Google Maps,"Mapping, Science",http://www.zefrank.com/sandwich/tool.html,,
275,"Indian bride and groom data from around the World and selected cities in India, via bharatmatrimony.com RSS feeds.",Mapping,05.22.2006,https://www.programmableweb.com/mashup/indian-matrimony-maps,Google Maps,"Mapping, Indian",http://www.mibazaar.com/matrimony/,,
276,LakeOntarioPorts.com is a directory of marine destinations on Lake Ontario. Includes boating and sailing destinations.,Mapping,05.22.2006,https://www.programmableweb.com/mashup/lake-ontario-ports,Google Maps,"Mapping, Canadian, Travel, Transportation",http://www.lakeontarioports.com,,
277,Find missing children with this Google Map combined with data from MissingKids.com.,Mapping,05.22.2006,https://www.programmableweb.com/mashup/missing-children-map,"Google Maps, Yahoo Geocoding",Mapping,http://www.mibazaar.com/missingkids.html,,
278,"Members of Ecademy.com who allow their street address, postcode or zipcode to be shown publicly are plotted on a Google Map. Work has been done to automatically bunch points when there are too many to display on the map at one time.",Mapping,05.22.2006,https://www.programmableweb.com/mashup/ecademy-members-google-map,Google Maps,Mapping,http://www.ecademy.com/module.php?mod=member&op=pnmap,,
279,"mashfot is a one-page view about photography. You can find links, news and photos on this site.",Photos,05.21.2006,https://www.programmableweb.com/mashup/mashfot-mashup-about-photography,"Flickr, del.icio.us, 23","Photos, News Services, Bookmarks",http://www.mashfot.com,,
280,Very unique mashup that allows you track any of dozens of satellites in realtime as they circle the earth. Watch them move across the top of Google Maps. Lots of peripheral details as well.,Mapping,05.21.2006,https://www.programmableweb.com/mashup/realtime-satellite-tracking-map,Google Maps,"Mapping, Science",http://www.n2yo.com/,,
281,"Specialized search interface for eBay. Filters more junk, finds misspelled items, see 30-day feedback trend for sellers. Winner of honorable mention in eBay developers 2006 challenge.",Auctions,05.21.2006,https://www.programmableweb.com/mashup/gumshoo,eBay,"Auctions, eCommerce",http://www.gumshoo.com/,,
282,"Useful mashup that lets you see who has been donating money to which political party by zip code. Good combination of raw data, charts and maps. Data source is The Fundrace Project.",Mapping,05.21.2006,https://www.programmableweb.com/mashup/following-political-dollars,Google Maps,"Mapping, Government",http://www.cs.indiana.edu/~markane/i590/contributors.html,,
283,"The Google Maps API lacks a Geocoder. This extension integrates free geocoders, for non-commercial use, directly into Google Maps.",Mapping,05.21.2006,https://www.programmableweb.com/mashup/mgeocoder,"Google Maps, geocoder",Mapping,http://brainoff.com/gmaps/mgeocoder.html,,
284,A one-click price checker. A handy bookmarklet to quickly compare prices for any product. Uses the Amazon API.,eCommerce,05.21.2006,https://www.programmableweb.com/mashup/priceheat,Amazon Product Advertising,"eCommerce, Search",http://www.priceheat.com/,,
285,"Provides detailed map of all US zip codes, powered by google map.",Mapping,05.18.2006,https://www.programmableweb.com/mashup/zip-code-map-0,Google Maps,Mapping,http://www.myzipcodemap.com,,
286,"Very interesting mashup technique from Microsoft Research, MSR. Shows how any type of map image data can be layered on top of a Virtual Earth map. This example with bike trail maps.",Mapping,05.17.2006,https://www.programmableweb.com/mashup/mapcruncher,Microsoft Bing Maps,"Mapping, Sports",http://research.microsoft.com/en-us/um/redmond/projects/mapcruncher/Gallery/NWBike/,,
287,"Subscribe to a Flickr page, getting email notifications whenever you upload new photos.",Email,05.16.2006,https://www.programmableweb.com/mashup/notifyr,Flickr,"Email, Photos",http://notifyr.com,,
288,Map of recent and archival news by country via New York Times RSS feeds and human rghts news by country via hrw.org feeds. Map also includes CIA Factbook data and Flickr images.,News Services,05.16.2006,https://www.programmableweb.com/mashup/recent-news-country-map,Google Maps,"News Services, Mapping",http://www.mibazaar.com/worldnews/,,
289,Intelligent agents based marketspace constantly aggregating top deals and rebates for a wide range of products.,eCommerce,05.15.2006,https://www.programmableweb.com/mashup/bitsoftreats.com,Amazon Product Advertising,eCommerce,http://www.BitsOfTreats.com,,
290,"Explore UK radio and television. Extensive search options. Uses data from BBC Backstage. Data available in multiple formats: RSS, iCal, JSON.",TV,05.14.2006,https://www.programmableweb.com/mashup/mightyv,BBC,"TV, Calendars, Music",http://www.mightyv.com/,,
291,Explore the relationship between Flickr groups and photos with this useful groups browser.,Photos,05.14.2006,https://www.programmableweb.com/mashup/flickr-group-browser,Flickr,Photos,http://krazydad.com/gustavog/GroupsBrowser.pl,,
292,"Multiple ways to browse random images from Flickr: all, interestingness, photostreams, groups, etc.",Photos,05.14.2006,https://www.programmableweb.com/mashup/flickrrandom,Flickr,Photos,http://krazydad.com/gustavog/FlickRandom.html,,
293,"This is a mashup that allows you to visualize geotagged resources on a map. Import your del.icio.us posts or Flickr photos, share your collections and read RSS feeds.",Mapping,05.13.2006,https://www.programmableweb.com/mashup/geotagit,"Flickr, del.icio.us, Microsoft Bing Maps, ZeeMaps, Yahoo Geocoding, Microsoft Bing","Mapping, Bookmarks, Photos",http://dotnetslackers.com/projects/GeoTagIt/GeoTagIt.aspx,,
294,Takes a BBC Programme search and converts the results in to iCal format for use in Google Calendar.,Calendars,05.13.2006,https://www.programmableweb.com/mashup/bbc-programmes-to-ical,"BBC, Google Calendar","Calendars, Video",http://www.kinlan.co.uk/2006/05/google-calander-mashup-with-bbc.html,,
295,Excellent visualization of current daylight and nighttime regions around the world. Use the Options bar on the right to tune the settings.,Mapping,05.12.2006,https://www.programmableweb.com/mashup/daylightmap.com,Google Maps,"Mapping, Science",http://www.daylightmap.com/,,
296,"Google Maps mashup of the Iles Sans Fil WiFi network in Montreal, Canada. Note: loads slowly.",Mapping,05.11.2006,https://www.programmableweb.com/mashup/realtime-wifi-map-montreal,Google Maps,"Mapping, Wi-Fi",http://auth.ilesansfil.org/nodeextra/map,,
297,"Browsable database of crime reports for Berkeley, California.",Crime,05.10.2006,https://www.programmableweb.com/mashup/berkeleyca-crimelog.org,"Google Maps, geocoder, Yahoo Geocoding","Crime, Mapping",http://berkeleyca.crimelog.org,,
298,"Eventsites allows users to create a mini-website for their event complete with description, a Google Map and photos from Flickr. Eventsites is unusual as a mashup in that the entire site is built using only AJAX and it stores no data of its own.",Events,05.10.2006,https://www.programmableweb.com/mashup/eventsites,"Flickr, Eventful, Google Maps","Events, Mapping, Photos",http://www.eventsites.co.uk,,
299,"Jauntlet is a tool for travelers to add travel plans and maps to many popular sites including MySpace, Facebook, and Blogger.",Mapping,05.08.2006,https://www.programmableweb.com/mashup/jauntlet,"Amazon Product Advertising, Blogger, Google Maps, Yahoo Maps","Mapping, Travel",http://jauntlet.com/,,
300,Map of the top high schools in the United States as reported in Newsweek. May 8th 2006 issue.,Education,05.07.2006,https://www.programmableweb.com/mashup/top-us-high-schools,"Google Maps, Yahoo Geocoding","Education, Mapping",http://www.mibazaar.com/education/high_school.html,,
301,Workout diary and community with integrated Google Maps to let you depict running routes. Account required.,Sports,05.07.2006,https://www.programmableweb.com/mashup/funbeat,Google Maps,"Sports, Mapping",http://www.funbeat.se,,
302,UK Local Knowledge - Using data from the directory enquiries database plotted onto a Google Map.,Reference,05.06.2006,https://www.programmableweb.com/mashup/knowcal,"Google AdWords , Google Maps","Reference, Mapping, England",http://www.knowcal.co.uk,,
303,"MyGuestmap allows your visitors to add pins to a map showing where they are and leaving a message. Create a map to allow your website visitors to place pins, a bookmark-map where only you can post, password-protected maps, and upload photos.",Mapping,05.06.2006,https://www.programmableweb.com/mashup/myguestmap,Google Maps,Mapping,http://mapservices.org/myguestmap/,,
304,Delicious Mona allows you enjoy your favorite news feeds on your mobile device. A mobile Story Player you can bookmark articles of interest back to your desktop.,Mobile,05.06.2006,https://www.programmableweb.com/mashup/deliciousmona,NewsGator,"Mobile, News Services, Messaging",http://deliciousmona.com,,
305,Last-minute vacation rental listings. All properties available in the next two weeks. Browse listings on a Google Map.,Mapping,05.06.2006,https://www.programmableweb.com/mashup/licketytrip-vacation-rentals,Google Maps,"Mapping, Real Estate, Travel",http://www.licketytrip.com/,,
306,List of webcams in Czech republic.,Webcams,05.05.2006,https://www.programmableweb.com/mashup/webcams.cz,Google Maps,"Webcams, Video",http://www.webcams.cz/webcams_map.php,,
307,"Large UK-based hotel, guest house, bed and breakfast hotelier managed directory.",Travel,05.05.2006,https://www.programmableweb.com/mashup/bed-and-breakfast-hotels-uk,Google Maps,"Travel, England",http://www.bedandbreakfasts.co.uk,,
308,Nice mashup of the NOAA Weather Service API and Google Maps. Enter an address and get detailed forecasts.,Mapping,05.05.2006,https://www.programmableweb.com/mashup/weathermole,"Google Maps, NOAA National Weather Service (NWS) NDFD SOAP","Mapping, Weather",http://weathermole.com/WeatherMole/index.html,,
309,JigDo combines Google Maps with the most popular trading website in the Netherlands: Marktplaats.nl.,Mapping,05.04.2006,https://www.programmableweb.com/mashup/jigdo,Google Maps,Mapping,http://www.sedoparking.com/jigdo.com,,
310,Mashup of a popular online sudoku player and Flickr. Sudoku player courtesy sudoku.com.au.,Photos,05.02.2006,https://www.programmableweb.com/mashup/flickrsudoku,Flickr,"Photos, Games",http://flickrsudoku.com,,
311,"New York City greenways, bike paths and bike lanes plotted on Google Maps.",Mapping,04.30.2006,https://www.programmableweb.com/mashup/nyc-bike-maps,Google Maps,"Mapping, Sports, New York City, Transportation",http://www.nycbikemaps.com/,,
312,"Comprehensive real estate service: home search, valuation tools, how-to guides, and agent finder.",Mapping,04.30.2006,https://www.programmableweb.com/mashup/real-estate-abc,Google Maps,"Mapping, Real Estate",http://www.realestateabc.com/,,
313,"Sophisticated home valuation tools. 65 million listings. Extensive data on comprables, many search and sort options.",Real Estate,04.30.2006,https://www.programmableweb.com/mashup/zillow.com,Microsoft Bing Maps,"Real Estate, Mapping",http://www.zillow.com/,,
314,Online map application in which you can do a virtual tour of the earth with other online buddies. You can see where they are wandering and have have IM chats with them.,Messaging,04.29.2006,https://www.programmableweb.com/mashup/globefeed-maps,Google Maps,"Messaging, Mapping",http://www.globefeed.com,,
315,"A map of homicide locations in New York City from 2003-05. Includes date, address, motive, victim description, and suspect description. Published on NYTimes.com on April 28, 2006. Data is from the New York City Police Department.",Mapping,04.29.2006,https://www.programmableweb.com/mashup/nytimes.com-homicide-map,Google Maps,"Mapping, Crime, New York City",http://www.nytimes.com/packages/html/nyregion/20060428_HOMICIDE_MAP.html,,
316,"Local Alerts, Local News, Yahoo Traffic, Google Maps, NOAA Weather mashup. Alert mashup includes CERT, earthquakes, tsunamis, Avian flu...",News Services,04.28.2006,https://www.programmableweb.com/mashup/localerts,"Google Maps, NOAA National Weather Service (NWS) NDFD SOAP, Yahoo Traffic","News Services, Mapping, Weather, Transportation",http://www.localerts.com,,
317,"Auction XVCD searches the item information through the eBay API and create a single chart. On the chart, the X axis represents the end time of the items in the auction, and the Y axis represents the price of the items. Requires xfy desktop tools.",Auctions,04.27.2006,https://www.programmableweb.com/mashup/xfy-auction-xvcd,eBay,Auctions,https://www.xfytec.com/community/modules/mydownloads/singlefile.php?lid=33,,
318,"FIFA, World Cup Soccer 2006 map. Latest team news via Yahoo FIFA 2006 World Cup Soccer RSS feeds and Goolge News feeds.",Sports,04.27.2006,https://www.programmableweb.com/mashup/world-cup-2006-map-0,Google Maps,"Sports, Mapping",http://www.mibazaar.com/worldcupsoccer/,,
319,Golf course and hotel locator for Myrtle Beach. Good coverage of the area. Warning: loads slowly.,Mapping,04.26.2006,https://www.programmableweb.com/mashup/myrtle-beach-golf-holiday,Google Maps,"Mapping, Sports",http://www.golfholiday.com/travel/maps/,,
320,"Very good, up-to-date gas price search with Google Maps station display.",Mapping,04.25.2006,https://www.programmableweb.com/mashup/mapgasprices.com,Google Maps,"Mapping, Transportation",http://www.mapgasprices.com/,,
321,"iLoveInns is a Bed and Breakfast locator. Search by location or by a region to drill down. It also has gift certificates, a shopping cart, my favorites and other features.",Mapping,04.24.2006,https://www.programmableweb.com/mashup/iloveinns,Google Maps,"Mapping, Travel",http://www.iloveinns.com,,
